section,rule_id,pathway_stage,condition,required_facts,missing_data_behavior,provisional_outcome,timing_destination,care_setting,automation_boundary,reviewer_requirement,source_document,source_reference,update_status,implementation_note,safety_priority
Global Router & Safety,GR-01,Global router,Any abnormal vaginal bleeding or cancer concern,Symptoms; bleeding type; examination; cancer suspicion,Do not default unknown to false or normal; stop and request information or clinician review.,Route to Figure 10 before routine screening. A reassuring HPV result must not close the symptom pathway.,Immediate/urgent where cancer suspected,Symptom investigation,Safety router,Mandatory clinician confirmation,NCSP June 2023 v1.1 + 2026 addendum/immune guidance as applicable,Sec. 15; Fig. 10,Software-safety interpretation,Provisional recommendation only; reviewer confirmation required; not for direct clinical action.,CRITICAL
Global Router & Safety,GR-02,Global router,Pregnancy with HPV16/18 or high-grade/glandular cytology,Pregnancy status; HPV; cytology,Do not default unknown to false or normal; stop and request information or clinician review.,Route to Figure 9 and experienced pregnancy colposcopy.,As soon as practicable,Experienced colposcopy,Safety router,Mandatory specialist confirmation,NCSP June 2023 v1.1 + 2026 addendum/immune guidance as applicable,Sec. 11; Fig. 9,Software-safety interpretation,Provisional recommendation only; reviewer confirmation required; not for direct clinical action.,CRITICAL
Global Router & Safety,GR-03,Global router,Pregnancy with HPV Other and negative/ASC-US/LSIL,Pregnancy; HPV; cytology,Do not default unknown to false or normal; stop and request information or clinician review.,Do not automatically route to Figure 9 high-grade pathway; repeat HPV in 12 months unless another safety override applies.,12 months,Primary/community care,Deterministic provisional,Reviewer confirmation required,NCSP June 2023 v1.1 + 2026 addendum/immune guidance as applicable,Sec. 11; Fig. 3/9,Software-safety interpretation,Provisional recommendation only; reviewer confirmation required; not for direct clinical action.,HIGH
Global Router & Safety,GR-04,Global router,Total or subtotal hysterectomy recorded,Hysterectomy type; cervix present; indication; pathology; history,Do not default unknown to false or normal; stop and request information or clinician review.,Subtotal: ordinary screening. Total: Figure 8/Table 1. Unknown type: safety stop.,According to pathway,Reviewer-confirmed pathway,Safety router,Mandatory reviewer confirmation,NCSP June 2023 v1.1 + 2026 addendum/immune guidance as applicable,Sec. 10; Fig. 8; Table 1,Software-safety interpretation,Provisional recommendation only; reviewer confirmation required; not for direct clinical action.,HIGH
Global Router & Safety,GR-05,Global router,Previous cervical/vaginal/gynaecological cancer,Cancer type; stage; treatment; cervix status,Do not default unknown to false or normal; stop and request information or clinician review.,Apply the 2026 cancer overlay before ordinary screening or hysterectomy rules.,According to specialist plan,Specialist/NCSP boundary,Safety router,Mandatory clinician confirmation,NCSP June 2023 v1.1 + 2026 addendum/immune guidance as applicable,2026 addendum p6,Software-safety interpretation,Provisional recommendation only; reviewer confirmation required; not for direct clinical action.,CRITICAL
Global Router & Safety,GR-06,Global router,Unresolved prior high-grade or glandular history,Prior result; outstanding colposcopy; treatment/ToC status,Do not default unknown to false or normal; stop and request information or clinician review.,Route to Figure 2; do not enter Figure 1 or routine Figure 3.,Immediate/ongoing follow-up,Colposcopy/specialist,Safety router,Mandatory reviewer confirmation,NCSP June 2023 v1.1 + 2026 addendum/immune guidance as applicable,Sec. 2; Fig. 2,Software-safety interpretation,Provisional recommendation only; reviewer confirmation required; not for direct clinical action.,HIGH
Global Router & Safety,GR-07,Global router,Active post-treatment HSIL Test of Cure,Treatment date; histology; margins; sequence state,Do not default unknown to false or normal; stop and request information or clinician review.,Route to Figure 6 before routine screening.,6/18 months and annual sequence,ToC pathway,Safety router,Reviewer confirmation required,NCSP June 2023 v1.1 + 2026 addendum/immune guidance as applicable,Sec. 8; Fig. 6,Software-safety interpretation,Provisional recommendation only; reviewer confirmation required; not for direct clinical action.,HIGH
Global Router & Safety,GR-08,Global router,"Glandular abnormality, AIS or adenocarcinoma",Exact subtype; lesion; biopsy/MDM state,Do not default unknown to false or normal; stop and request information or clinician review.,Route to Figure 7 or specialist gynaecology/oncology; do not treat as generic high-grade cytology.,Urgent when malignant,Specialist pathway,Safety router,Mandatory specialist confirmation,NCSP June 2023 v1.1 + 2026 addendum/immune guidance as applicable,Sec. 9; Fig. 7,Software-safety interpretation,Provisional recommendation only; reviewer confirmation required; not for direct clinical action.,CRITICAL
Global Router & Safety,GR-09,Global router,Normal colposcopy after low-grade cytology,HPV; cytology; colposcopy; TZ; immune status,Do not default unknown to false or normal; stop and request information or clinician review.,Route to Figure 4.,12/24 month surveillance,Colposcopy follow-up,Safety router,Reviewer confirmation required,NCSP June 2023 v1.1 + 2026 addendum/immune guidance as applicable,Sec. 6; Fig. 4,Software-safety interpretation,Provisional recommendation only; reviewer confirmation required; not for direct clinical action.,HIGH
Global Router & Safety,GR-10,Global router,Normal colposcopy after cytology >=ASC-H,HPV; reviewed cytology; TZ; lesion; MDM state,Do not default unknown to false or normal; stop and request information or clinician review.,Route to Figure 5.,Specialist surveillance,MDM/colposcopy,Safety router,Mandatory specialist confirmation,NCSP June 2023 v1.1 + 2026 addendum/immune guidance as applicable,Sec. 6; Fig. 5,Software-safety interpretation,Provisional recommendation only; reviewer confirmation required; not for direct clinical action.,HIGH
Global Router & Safety,GR-11,Global router,First transition from cytology-based programme,Transition status; prior history; ToC/colposcopy status,Do not default unknown to false or normal; stop and request information or clinician review.,Use Figures 1 and 2 only for transition; otherwise use current pathway.,At transition,Programme transition,Safety router,Reviewer confirmation required,NCSP June 2023 v1.1 + 2026 addendum/immune guidance as applicable,Sec. 2; Figs. 1-2,Software-safety interpretation,Provisional recommendation only; reviewer confirmation required; not for direct clinical action.,MEDIUM
Global Router & Safety,GR-12,Global router,Asymptomatic participant in HPV primary screening,Symptoms absent; cervix present; age; HPV/sample facts,Do not default unknown to false or normal; stop and request information or clinician review.,Use Figure 3 after higher-priority routes are excluded.,According to result,Primary screening,Deterministic provisional,Reviewer confirmation required,NCSP June 2023 v1.1 + 2026 addendum/immune guidance as applicable,Sec. 4; Fig. 3,Software-safety interpretation,Provisional recommendation only; reviewer confirmation required; not for direct clinical action.,MEDIUM
Global Router & Safety,GR-13,Minimal routing gate,Before pathway selection,Symptoms/cancer concern; pregnancy; cervix/hysterectomy status; cancer history; unresolved high-grade/glandular history; active ToC; current glandular abnormality; post-colposcopy status; transition status,Do not default unknown to false or normal; stop and request information or require clinician review.,Use only the minimum discriminators needed to select the highest-priority pathway. Do not require every pathway-specific field at intake.,At intake,Global routing,Safety router,Mandatory clinician confirmation,NCSP June 2023 v1.1 + Feb/Mar 2026 controlling guidance where applicable,Software-safety synthesis of Figs 1-10/Table 1,v2.1 QA correction,Provisional recommendation only; reviewer confirmation required; not for direct clinical action.,CRITICAL
Global Router & Safety,GR-14,Pathway-specific completeness,After a pathway has been selected and before any terminal recommendation,All mandatory facts for the selected pathway,Do not default unknown to false or normal; stop and request information or require clinician review.,"Run a pathway-specific completeness gate. Missing critical facts must return INSUFFICIENT_INFORMATION or EXTERNAL_HISTORY_REQUIRED, never a confident routine outcome.",Before evaluation,All pathways,Safety stop,Mandatory clinician confirmation,NCSP June 2023 v1.1 + Feb/Mar 2026 controlling guidance where applicable,Software-safety synthesis of Figs 1-10/Table 1,v2.1 QA correction,Provisional recommendation only; reviewer confirmation required; not for direct clinical action.,CRITICAL
Global Router & Safety,GS-01,Safety,Required clinical fact is missing or unknown,Required facts for selected rule,Do not default unknown to false or normal; stop and request information or clinician review.,Return INSUFFICIENT_INFORMATION / EXTERNAL_HISTORY_REQUIRED; never generate routine recall from a default false/normal value.,Immediate information request,Review queue,Software safety stop,Mandatory reviewer confirmation,NCSP June 2023 v1.1 + 2026 addendum/immune guidance as applicable,Guideline-wide professional judgement + software safety design,Software-safety interpretation,Provisional recommendation only; reviewer confirmation required; not for direct clinical action.,CRITICAL
Global Router & Safety,GS-02,Safety,Same input and same rule release,Canonical input; rule version,Do not default unknown to false or normal; stop and request information or clinician review.,Produce the same provisional result and preserve the exact branch trace.,Immediate,Engine/audit,Deterministic invariant,Reviewer confirmation required,NCSP June 2023 v1.1 + 2026 addendum/immune guidance as applicable,Software verification invariant,Software-safety interpretation,Provisional recommendation only; reviewer confirmation required; not for direct clinical action.,HIGH
Global Router & Safety,GS-03,Safety,Rule release changes after a decision is confirmed,Decision snapshot; old/new rule versions,Do not default unknown to false or normal; stop and request information or clinician review.,Do not silently rewrite historic decisions; regrading must create a new traceable version.,On regrade,Audit/persistence,Governance invariant,Mandatory reviewer confirmation,NCSP June 2023 v1.1 + 2026 addendum/immune guidance as applicable,Software governance requirement,Software-safety interpretation,Provisional recommendation only; reviewer confirmation required; not for direct clinical action.,HIGH
Global Router & Safety,GS-04,Safety,Clinician-only branch reached,MDM/biopsy/lesion/treatment decision state,Do not default unknown to false or normal; stop and request information or clinician review.,Return CLINICIAN_REVIEW_REQUIRED rather than autonomous final approval.,Immediate,Specialist review,Clinician-only boundary,Mandatory specialist confirmation,NCSP June 2023 v1.1 + 2026 addendum/immune guidance as applicable,Guideline-wide clinician judgement,Software-safety interpretation,Provisional recommendation only; reviewer confirmation required; not for direct clinical action.,CRITICAL
Global Router & Safety,GS-05,Safety,National clinical route and local booking priority both available,Clinical route; local policy version,Do not default unknown to false or normal; stop and request information or clinician review.,Keep the national pathway result separate from local operational priority.,At disposition,Workflow layer,Governance boundary,Reviewer confirmation required,NCSP June 2023 v1.1 + 2026 addendum/immune guidance as applicable,Guideline + local governance,Software-safety interpretation,Provisional recommendation only; reviewer confirmation required; not for direct clinical action.,HIGH
Global Router & Safety,GS-06,Safety,Synthetic/demo environment export,Environment flag; confirmed reviewer decision,Do not default unknown to false or normal; stop and request information or clinician review.,Label outputs: simulated export package; integration-ready preview; not for direct clinical action.,At export,Demo/export,Product safety boundary,Reviewer confirmation required,NCSP June 2023 v1.1 + 2026 addendum/immune guidance as applicable,Product safety requirement,Software-safety interpretation,Provisional recommendation only; reviewer confirmation required; not for direct clinical action.,HIGH
Figure 1,F1-01,Decision branch,Never screened,Transition status; screening history,Do not issue a confident terminal outcome when any required fact is unknown; request information or require clinician review.,"Invite now, then perform primary HPV screening via Figure 3",Now / next available screening,Primary/community care or programme follow-up,Deterministic provisional,Reviewer confirmation required,NCSP Clinical Practice Guidelines June 2023 v1.1,Fig. 1 p18; R2.02,2023 base rule,Provisional recommendation only; reviewer confirmation required; not for direct clinical action.,MEDIUM
Figure 1,F1-02,Decision branch,Under-screened,Transition status; last screening date/history,Do not issue a confident terminal outcome when any required fact is unknown; request information or require clinician review.,"Invite now, then Figure 3",Now,Primary/community care or programme follow-up,Deterministic provisional,Reviewer confirmation required,NCSP Clinical Practice Guidelines June 2023 v1.1,Fig. 1 p18; R2.02,2023 base rule,Provisional recommendation only; reviewer confirmation required; not for direct clinical action.,MEDIUM
Figure 1,F1-03,Decision branch,Overdue,Transition status; due date,Do not issue a confident terminal outcome when any required fact is unknown; request information or require clinician review.,"Invite now, then Figure 3",Now,Primary/community care or programme follow-up,Deterministic provisional,Reviewer confirmation required,NCSP Clinical Practice Guidelines June 2023 v1.1,Fig. 1 p18; R2.02,2023 base rule,Provisional recommendation only; reviewer confirmation required; not for direct clinical action.,MEDIUM
Figure 1,F1-04,Decision branch,Regularly screened with normal results,Transition status; prior results; next due date,Do not issue a confident terminal outcome when any required fact is unknown; request information or require clinician review.,"Invite at next scheduled visit, then Figure 3",Next scheduled visit,Primary/community care or programme follow-up,Deterministic provisional,Reviewer confirmation required,NCSP Clinical Practice Guidelines June 2023 v1.1,Fig. 1 p18; R2.02,2023 base rule,Provisional recommendation only; reviewer confirmation required; not for direct clinical action.,MEDIUM
Figure 1,F1-05,Decision branch,"Previous low-grade result, already returned to regular screening",Prior cytology; return-to-regular status,Do not issue a confident terminal outcome when any required fact is unknown; request information or require clinician review.,"Invite at next scheduled visit, then Figure 3",Next scheduled visit,Primary/community care or programme follow-up,Deterministic provisional,Reviewer confirmation required,NCSP Clinical Practice Guidelines June 2023 v1.1,Fig. 1 p18; R2.02,2023 base rule,Provisional recommendation only; reviewer confirmation required; not for direct clinical action.,MEDIUM
Figure 1,F1-06,Decision branch,Previous high-grade result with successful Test of Cure,Prior high-grade; ToC completion evidence,Do not issue a confident terminal outcome when any required fact is unknown; request information or require clinician review.,"Invite at next scheduled visit, then Figure 3",Next scheduled visit,Primary/community care or programme follow-up,Deterministic provisional,Reviewer confirmation required,NCSP Clinical Practice Guidelines June 2023 v1.1,Fig. 1 p18; R2.02,2023 base rule,Provisional recommendation only; reviewer confirmation required; not for direct clinical action.,MEDIUM
Figure 1,F1-X,Decision branch,Previous high-grade/glandular result not returned to regular screening,Prior high-grade/glandular history; ToC/colposcopy status,Do not issue a confident terminal outcome when any required fact is unknown; request information or require clinician review.,Do not use Figure 1; route to Figure 2,,Reviewer-confirmed pathway,Safety router,Reviewer confirmation required,NCSP Clinical Practice Guidelines June 2023 v1.1,Sec. 2.7; Fig. 2,2023 base rule,Provisional recommendation only; reviewer confirmation required; not for direct clinical action.,LOW
Figure 2,F2-01,Decision branch,Previous possible/definite HSIL or atypical glandular cells except atypical endometrial cells,Last cytology recommendation; whether colposcopy occurred; ToC status,Do not issue a confident terminal outcome when any required fact is unknown; request information or require clinician review.,"If colposcopy was recommended and not done, refer to colposcopy; otherwise complete Test of Cure. After successful resolution, proceed to regular screening/Figure 3",Colposcopy or ongoing annual co-testing,Colposcopy service,Deterministic provisional,Reviewer confirmation required,NCSP Clinical Practice Guidelines June 2023 v1.1,Fig. 2 p19; R2.04-R2.07,2023 base rule,Provisional recommendation only; reviewer confirmation required; not for direct clinical action.,HIGH
Figure 2,F2-02,Overlay / modifier,Previous AIS without total hysterectomy,Pre-treatment HPV status; excision margins; hysterectomy status; prior follow-up,Do not issue a confident terminal outcome when any required fact is unknown; request information or require clinician review.,Follow AIS post-treatment pathway rather than ordinary Figure 3,See R2.08 and 2026 R9.14 overlay,Reviewer-confirmed pathway,Specialist-led / mandatory review,Mandatory clinician/specialist confirmation,NCSP guideline addendum v1.0 (2 Feb 2026) + June 2023 base,Fig. 2 p19; R2.08; 2026 addendum R9.14,2026 controlling update,Provisional recommendation only; reviewer confirmation required; not for direct clinical action.,HIGH
Figure 2,F2-03,Decision branch,Previous atypical endometrial cells; report >3 years ago,Cytology date; no other abnormality,Do not issue a confident terminal outcome when any required fact is unknown; request information or require clinician review.,Primary HPV screening test at next scheduled visit via Figure 3,Next scheduled visit,Primary/community care or programme follow-up,Deterministic provisional,Reviewer confirmation required,NCSP Clinical Practice Guidelines June 2023 v1.1,Fig. 2 p19; R2.04,2023 base rule,Provisional recommendation only; reviewer confirmation required; not for direct clinical action.,MEDIUM
Figure 2,F2-04,Decision branch,Previous atypical endometrial cells; already investigated by specialist and discharged to primary care,Specialist assessment/discharge evidence,Do not issue a confident terminal outcome when any required fact is unknown; request information or require clinician review.,Primary HPV screening test at next scheduled visit via Figure 3,Next scheduled visit,Primary/community care or programme follow-up,Deterministic provisional,Reviewer confirmation required,NCSP Clinical Practice Guidelines June 2023 v1.1,Fig. 2 p19; R2.04,2023 base rule,Provisional recommendation only; reviewer confirmation required; not for direct clinical action.,MEDIUM
Figure 2,F2-05,Decision branch,Previous atypical endometrial cells; neither >3 years nor specialist-assessed/discharged,Cytology date; specialist status,Do not issue a confident terminal outcome when any required fact is unknown; request information or require clinician review.,Refer to specialist gynaecology services,Specialist assessment,Specialist gynaecology,Specialist-led,Mandatory clinician/specialist confirmation,NCSP Clinical Practice Guidelines June 2023 v1.1,Fig. 2 p19; R2.04,2023 base rule,Provisional recommendation only; reviewer confirmation required; not for direct clinical action.,LOW
Figure 2,F2-X,Decision branch,Prior high-grade history already completed Test of Cure,Documented ToC completion,Do not issue a confident terminal outcome when any required fact is unknown; request information or require clinician review.,Do not remain in Figure 2; return to Figure 1/Figure 3,,Reviewer-confirmed pathway,Deterministic provisional,Reviewer confirmation required,NCSP Clinical Practice Guidelines June 2023 v1.1,Fig. 1-2; R2.02,2023 base rule,Provisional recommendation only; reviewer confirmation required; not for direct clinical action.,LOW
Figure 3,F3-01,Entry,Primary HPV test: HPV not detected; immune competent,HPV result; immune status; asymptomatic status,Do not issue a confident terminal outcome when any required fact is unknown; request information or require clinician review.,Return for screening in 5 years,5 years,Primary/community care or programme follow-up,Deterministic provisional,Reviewer confirmation required,NCSP Clinical Practice Guidelines June 2023 v1.1,Fig. 3 p24; R4.01,2023 base rule,Provisional recommendation only; reviewer confirmation required; not for direct clinical action.,MEDIUM
Figure 3,F3-02,Entry,Primary HPV test: HPV not detected; immune deficient,HPV result; verified immune-deficiency category,Do not issue a confident terminal outcome when any required fact is unknown; request information or require clinician review.,Return for screening in 3 years,3 years,Primary/community care or programme follow-up,Deterministic provisional,Reviewer confirmation required,NCSP immune-deficiency guidance v1.0.1 (12 Mar 2026),Fig. 3 p24; 2026 immune guidance,2026 controlling update,Provisional recommendation only; reviewer confirmation required; not for direct clinical action.,MEDIUM
Figure 3,F3-03,Safety / exception,"HPV 16 or 18 detected, any age in screening range, any cytology including unsatisfactory",HPV genotype; sample type; cytology if available,Do not issue a confident terminal outcome when any required fact is unknown; request information or require clinician review.,"Refer directly to colposcopy. If swab sample, obtain LBC/cytology at colposcopy",20 or 30 working days according to risk/history; urgent if invasive cytology,Colposcopy service,Deterministic provisional,Reviewer confirmation required,NCSP Clinical Practice Guidelines June 2023 v1.1,Fig. 3 p24; R4.06-R4.11,2023 base rule,Provisional recommendation only; reviewer confirmation required; not for direct clinical action.,HIGH
Figure 3,F3-04,Decision branch,HPV Other detected on swab-collected sample,HPV result; sample type,Do not issue a confident terminal outcome when any required fact is unknown; request information or require clinician review.,Return visit for clinical examination and clinician-taken LBC for cytology,As soon as practicable for triage,Reviewer-confirmed pathway,Deterministic provisional,Mandatory clinician/specialist confirmation,NCSP Clinical Practice Guidelines June 2023 v1.1,Fig. 3 p24; R2.01; R4.02,2023 base rule,Provisional recommendation only; reviewer confirmation required; not for direct clinical action.,LOW
Figure 3,F3-05,Decision branch,HPV Other + possible/definite high-grade cytology excluding cytology suspicious/definite for invasive cancer and excluding atypical/malignant endometrial cells,HPV result; cytology category,Do not issue a confident terminal outcome when any required fact is unknown; request information or require clinician review.,Refer to colposcopy or the applicable glandular specialist pathway.,Urgent within 2 weeks if invasive cancer suspected/definite,Specialist gynaecology,Deterministic provisional,Reviewer confirmation required,NCSP Clinical Practice Guidelines June 2023 v1.1,Fig. 3 p24; R4.04-R4.05,2023 base rule,Provisional recommendation only; reviewer confirmation required; not for direct clinical action.,HIGH
Figure 3,F3-06,Decision branch,HPV Other + atypical endometrial cells with no co-existing colposcopy indication,Cytology subtype; co-existing abnormalities,Do not issue a confident terminal outcome when any required fact is unknown; request information or require clinician review.,Refer for specialist gynaecological assessment,Specialist assessment,Specialist gynaecology,Specialist-led,Mandatory clinician/specialist confirmation,NCSP Clinical Practice Guidelines June 2023 v1.1,R4.04,2023 base rule,Provisional recommendation only; reviewer confirmation required; not for direct clinical action.,MEDIUM
Figure 3,F3-07,Decision branch,Initial HPV Other + negative/ASC-US/LSIL cytology,HPV result; cytology; test event number,Do not issue a confident terminal outcome when any required fact is unknown; request information or require clinician review.,"Repeat HPV test in 12 months, using LBC",12 months,Primary/community care or programme follow-up,Deterministic provisional,Reviewer confirmation required,NCSP Clinical Practice Guidelines June 2023 v1.1,Fig. 3 p24; R4.02,2023 base rule,Provisional recommendation only; reviewer confirmation required; not for direct clinical action.,MEDIUM
Figure 3,F3-08,Follow-up,First 12-month repeat: HPV not detected,Repeat-stage; HPV result,Do not issue a confident terminal outcome when any required fact is unknown; request information or require clinician review.,Return to regular interval screening,5 years or 3 years if immune deficient,Primary/community care or programme follow-up,Deterministic provisional,Reviewer confirmation required,NCSP Clinical Practice Guidelines June 2023 v1.1,Fig. 3; R4.03,2023 base rule,Provisional recommendation only; reviewer confirmation required; not for direct clinical action.,MEDIUM
Figure 3,F3-09,Follow-up,First 12-month repeat: HPV 16 or 18,Repeat-stage; HPV genotype,Do not issue a confident terminal outcome when any required fact is unknown; request information or require clinician review.,Refer to colposcopy,According to HPV16/18 referral priority,Colposcopy service,Deterministic provisional,Reviewer confirmation required,NCSP Clinical Practice Guidelines June 2023 v1.1,Fig. 3; R4.03/R4.06,2023 base rule,Provisional recommendation only; reviewer confirmation required; not for direct clinical action.,HIGH
Figure 3,F3-10,Follow-up,First 12-month repeat: HPV Other + possible/definite high-grade cytology,Repeat-stage; HPV result; cytology,Do not issue a confident terminal outcome when any required fact is unknown; request information or require clinician review.,Refer to colposcopy/specialist pathway,Urgent if invasive,Colposcopy service,Deterministic provisional,Reviewer confirmation required,NCSP Clinical Practice Guidelines June 2023 v1.1,Fig. 3; R4.03-R4.05,2023 base rule,Provisional recommendation only; reviewer confirmation required; not for direct clinical action.,HIGH
Figure 3,F3-11,Follow-up,First 12-month repeat: HPV Other + negative/ASC-US/LSIL and age >=50,Age/DOB; repeat-stage; HPV/cytology,Do not issue a confident terminal outcome when any required fact is unknown; request information or require clinician review.,Refer to colposcopy,After second test event,Colposcopy service,Deterministic provisional,Reviewer confirmation required,NCSP Clinical Practice Guidelines June 2023 v1.1,Fig. 3 p24; Sec. 4.4,2023 base rule,Provisional recommendation only; reviewer confirmation required; not for direct clinical action.,HIGH
Figure 3,F3-12,Follow-up,First 12-month repeat: HPV Other + negative/ASC-US/LSIL and age <50,Age/DOB; repeat-stage; HPV/cytology,Do not issue a confident terminal outcome when any required fact is unknown; request information or require clinician review.,"Second repeat HPV test in another 12 months, using LBC",12 months later,Primary/community care or programme follow-up,Deterministic provisional,Reviewer confirmation required,NCSP Clinical Practice Guidelines June 2023 v1.1,Fig. 3 p24; Sec. 4.4,2023 base rule,Provisional recommendation only; reviewer confirmation required; not for direct clinical action.,MEDIUM
Figure 3,F3-13,Follow-up,Second repeat: HPV not detected,Repeat-stage; HPV result,Do not issue a confident terminal outcome when any required fact is unknown; request information or require clinician review.,Return to regular interval screening,5 years or 3 years if immune deficient,Primary/community care or programme follow-up,Deterministic provisional,Reviewer confirmation required,NCSP Clinical Practice Guidelines June 2023 v1.1,Fig. 3 p24,2023 base rule,Provisional recommendation only; reviewer confirmation required; not for direct clinical action.,MEDIUM
Figure 3,F3-14,Follow-up,Second repeat: HPV detected any type,Repeat-stage; HPV result,Do not issue a confident terminal outcome when any required fact is unknown; request information or require clinician review.,Refer to colposcopy irrespective of cytology,After third test event,Colposcopy service,Deterministic provisional,Reviewer confirmation required,NCSP Clinical Practice Guidelines June 2023 v1.1,Fig. 3 p24; Sec. 4.12,2023 base rule,Provisional recommendation only; reviewer confirmation required; not for direct clinical action.,HIGH
Figure 3,F3-15,Decision branch,Age 70-74 exit test: HPV not detected,Age/DOB; HPV result; no subsequent abnormal result,Do not issue a confident terminal outcome when any required fact is unknown; request information or require clinician review.,Discharge from NCSP,Immediate exit,Reviewer-confirmed pathway,Deterministic provisional,Reviewer confirmation required,NCSP Clinical Practice Guidelines June 2023 v1.1,R4.13 p8,2023 base rule,Provisional recommendation only; reviewer confirmation required; not for direct clinical action.,LOW
Figure 3,F3-16,Decision branch,Age 70-74 exit test: HPV detected any type,Age/DOB; HPV result,Do not issue a confident terminal outcome when any required fact is unknown; request information or require clinician review.,Refer to colposcopy,Do not defer/exit,Colposcopy service,Deterministic provisional,Reviewer confirmation required,NCSP Clinical Practice Guidelines June 2023 v1.1,R4.14 p8,2023 base rule,Provisional recommendation only; reviewer confirmation required; not for direct clinical action.,HIGH
Figure 3,F3-17,Decision branch,Asymptomatic age >=75,Age/DOB; symptom status,Do not issue a confident terminal outcome when any required fact is unknown; request information or require clinician review.,Routine screening not recommended,No routine screening,Primary/community care or programme follow-up,Deterministic provisional,Reviewer confirmation required,NCSP Clinical Practice Guidelines June 2023 v1.1,Sec. 4 exit guidance,2023 base rule,Provisional recommendation only; reviewer confirmation required; not for direct clinical action.,MEDIUM
Figure 3,F3-18,Safety / exception,HPV test invalid or unsuitable for analysis,Validity; leakage/technical issue; available cytology,Do not issue a confident terminal outcome when any required fact is unknown; request information or require clinician review.,Repeat HPV test as soon as practicable with no required delay,ASAP,Primary/community care or programme follow-up,Deterministic provisional,Reviewer confirmation required,NCSP Clinical Practice Guidelines June 2023 v1.1,R3.04,2023 base rule,Provisional recommendation only; reviewer confirmation required; not for direct clinical action.,MEDIUM
Figure 3,F3-19,Safety / exception,Unsatisfactory cytology,HPV genotype; cytology adequacy; consecutive unsatisfactory count,Do not issue a confident terminal outcome when any required fact is unknown; request information or require clinician review.,Repeat LBC no sooner than 6 weeks and no later than 3 months; HPV16/18 still goes directly to colposcopy; HPV Other + two consecutive unsatisfactory results goes to colposcopy,6 weeks-3 months or immediate colposcopy,Colposcopy service,Deterministic provisional,Reviewer confirmation required,NCSP Clinical Practice Guidelines June 2023 v1.1,R3.03/R4.08,2023 base rule,Provisional recommendation only; reviewer confirmation required; not for direct clinical action.,HIGH
Figure 3,F3-20,Initial or repeat HPV event,Cytology suspicious of or definite for invasive cervical cancer with HPV Other,HPV result; exact cytology; symptoms; referral status,Do not default unknown to false or normal; stop and request information or require clinician review.,Urgent colposcopic assessment within two weeks. This overrides ordinary HPV Other repeat logic.,Within 2 weeks,Urgent colposcopy,Safety escalation,Mandatory specialist confirmation,NCSP June 2023 v1.1,R4.05,v2.1 QA correction,Provisional recommendation only; reviewer confirmation required; not for direct clinical action.,CRITICAL
Figure 3,F3-21,Initial or repeat HPV event,HPV 16/18 with cytology suspicious of or definite for invasive cancer,HPV genotype; exact cytology; referral status,Do not default unknown to false or normal; stop and request information or require clinician review.,Urgent evaluation by colposcopy or gynaecological oncology. This is distinct from ordinary HPV16/18 colposcopy.,Urgent / within 2 weeks where specified,Urgent specialist assessment,Safety escalation,Mandatory specialist confirmation,NCSP June 2023 v1.1,R4.07,v2.1 QA correction,Provisional recommendation only; reviewer confirmation required; not for direct clinical action.,CRITICAL
Figure 3,F3-22,Repeat-event overlay,"Any initial, first-repeat, or second-repeat event has invalid/unsuitable HPV, unsatisfactory cytology, or atypical/malignant endometrial cytology",Event stage; HPV validity; cytology adequacy; exact cytology; previous unsatisfactory count,Do not default unknown to false or normal; stop and request information or require clinician review.,Apply Section 3 validity/adequacy rules and the specialist endometrial route at every repeat stage before ordinary branch evaluation.,,Primary/community or specialist care,Safety overlay,Mandatory clinician confirmation,NCSP June 2023 v1.1,Section 3; R4.04; Figure 3,v2.1 QA correction,Provisional recommendation only; reviewer confirmation required; not for direct clinical action.,CRITICAL
Figure 4,F4-01,Decision branch,HPV detected any type + negative/ASC-US/LSIL cytology + normal colposcopy,HPV; cytology; colposcopy result,Do not issue a confident terminal outcome when any required fact is unknown; request information or require clinician review.,Repeat HPV test in community care using LBC,12 months,Primary/community care or programme follow-up,Deterministic provisional,Reviewer confirmation required,NCSP Clinical Practice Guidelines June 2023 v1.1,Fig. 4 p45; R6.03,2023 base rule,Provisional recommendation only; reviewer confirmation required; not for direct clinical action.,MEDIUM
Figure 4,F4-02,Follow-up,12-month repeat: HPV not detected,HPV result,Do not issue a confident terminal outcome when any required fact is unknown; request information or require clinician review.,Return to regular interval screening: 5 years if immune competent or 3 years if verified immune deficient.,5 years or 3 years if immune deficient,Primary/community care or programme follow-up,Deterministic provisional,Reviewer confirmation required,NCSP Clinical Practice Guidelines June 2023 v1.1,Fig. 4; R6.03,2023 base rule,Provisional recommendation only; reviewer confirmation required; not for direct clinical action.,MEDIUM
Figure 4,F4-03,Follow-up,12-month repeat: HPV 16/18,HPV genotype,Do not issue a confident terminal outcome when any required fact is unknown; request information or require clinician review.,Refer directly to colposcopy,Referral,Colposcopy service,Deterministic provisional,Reviewer confirmation required,NCSP Clinical Practice Guidelines June 2023 v1.1,Fig. 4; R6.03,2023 base rule,Provisional recommendation only; reviewer confirmation required; not for direct clinical action.,HIGH
Figure 4,F4-04,Follow-up,12-month repeat: HPV Other + cytology >=ASC-H or other high-grade/glandular abnormality,HPV; cytology subtype,Do not issue a confident terminal outcome when any required fact is unknown; request information or require clinician review.,Refer to colposcopy; atypical endometrial cells may require specialist gynaecology,Referral,Specialist gynaecology,Deterministic provisional,Reviewer confirmation required,NCSP Clinical Practice Guidelines June 2023 v1.1,Fig. 4; R6.03,2023 base rule,Provisional recommendation only; reviewer confirmation required; not for direct clinical action.,HIGH
Figure 4,F4-05,Follow-up,12-month repeat: HPV Other + negative/ASC-US/LSIL; immune deficient,HPV; cytology; immune status,Do not issue a confident terminal outcome when any required fact is unknown; request information or require clinician review.,Refer to colposcopy,Referral,Colposcopy service,Deterministic provisional,Reviewer confirmation required,NCSP Clinical Practice Guidelines June 2023 v1.1,Fig. 4; R6.03,2023 base rule,Provisional recommendation only; reviewer confirmation required; not for direct clinical action.,HIGH
Figure 4,F4-06,Follow-up,12-month repeat: HPV Other + negative/ASC-US/LSIL; immune competent,HPV; cytology; immune status,Do not issue a confident terminal outcome when any required fact is unknown; request information or require clinician review.,Repeat HPV/cytology using LBC in another 12 months,24 months post-discharge,Primary/community care or programme follow-up,Deterministic provisional,Reviewer confirmation required,NCSP Clinical Practice Guidelines June 2023 v1.1,Fig. 4; R6.03,2023 base rule,Provisional recommendation only; reviewer confirmation required; not for direct clinical action.,MEDIUM
Figure 4,F4-07,Follow-up,24-month repeat: HPV not detected,HPV result; repeat-stage,Do not issue a confident terminal outcome when any required fact is unknown; request information or require clinician review.,Return to regular interval screening: 5 years if immune competent or 3 years if verified immune deficient.,,Primary/community care or programme follow-up,Deterministic provisional,Reviewer confirmation required,NCSP Clinical Practice Guidelines June 2023 v1.1,R6.03,2023 base rule,Provisional recommendation only; reviewer confirmation required; not for direct clinical action.,MEDIUM
Figure 4,F4-08,Follow-up,"24-month repeat: HPV detected any type, any cytology",HPV result; repeat-stage,Do not issue a confident terminal outcome when any required fact is unknown; request information or require clinician review.,Refer to colposcopy,,Colposcopy service,Deterministic provisional,Reviewer confirmation required,NCSP Clinical Practice Guidelines June 2023 v1.1,Fig. 4; R6.03,2023 base rule,Provisional recommendation only; reviewer confirmation required; not for direct clinical action.,HIGH
Figure 4,F4-09,Overlay / modifier,"Type 3 TZ, HPV positive, low-grade cytology, normal colposcopy",TZ type; HPV; cytology; colposcopy,Do not issue a confident terminal outcome when any required fact is unknown; request information or require clinician review.,Observation is appropriate; MDM cytological review is not required under the 2026 update,Follow Figure 4 surveillance,Reviewer-confirmed pathway,Deterministic provisional,Mandatory clinician/specialist confirmation,NCSP guideline addendum v1.0 (2 Feb 2026) + June 2023 base,2026 addendum R6.05,2026 controlling update,Supersedes 2023 R6.05,MEDIUM
Figure 4,F4-10,Overlay / modifier,Type 3 TZ with no cytological/colposcopic/histological high-grade evidence,TZ type; all findings,Do not issue a confident terminal outcome when any required fact is unknown; request information or require clinician review.,Do not routinely perform diagnostic excision,,Reviewer-confirmed pathway,Clinician judgement,Mandatory clinician/specialist confirmation,NCSP Clinical Practice Guidelines June 2023 v1.1,R6.04,2023 base rule,Provisional recommendation only; reviewer confirmation required; not for direct clinical action.,MEDIUM
Figure 4,F4-11,Overlay / modifier,"Type 3 TZ and selected concerns: completed child-bearing, anxiety, age >50, uncertain attendance",TZ type; age; fertility; attendance concern; preference,Do not issue a confident terminal outcome when any required fact is unknown; request information or require clinician review.,Diagnostic excision may be offered,,Reviewer-confirmed pathway,Clinician-only/shared decision,Mandatory clinician/specialist confirmation,NCSP Clinical Practice Guidelines June 2023 v1.1,R6.06,2023 base rule,Provisional recommendation only; reviewer confirmation required; not for direct clinical action.,MEDIUM
Figure 4,F4-12,Overlay / modifier,Persistent ASC-US/LSIL with Type 3 TZ,Persistent cytology; TZ type,Do not issue a confident terminal outcome when any required fact is unknown; request information or require clinician review.,ECC may be considered; a negative ECC is not reassuring,,Reviewer-confirmed pathway,Clinician-only,Mandatory clinician/specialist confirmation,NCSP Clinical Practice Guidelines June 2023 v1.1,R6.07,2023 base rule,Provisional recommendation only; reviewer confirmation required; not for direct clinical action.,MEDIUM
Figure 4,F4-13,Sample handling,12-month repeat is HPV Other from swab,HPV result; sample type,Do not default unknown to false or normal; stop and request information or clinician review.,Return for clinical examination and clinician-taken LBC before cytology-based routing.,As soon as practicable,Primary/community care,Deterministic provisional,Reviewer confirmation required,NCSP June 2023 v1.1 + 2026 addendum/immune guidance as applicable,Fig. 4 p45,2023 base rule,Adds source-visible sample acquisition node.,HIGH
Figure 4,F4-14,Glandular exception,HPV Other + atypical endometrial cells without another cervical colposcopy indication,Exact cytology subtype; co-existing abnormalities,Do not default unknown to false or normal; stop and request information or clinician review.,Refer to specialist gynaecology rather than generic colposcopy.,Specialist assessment,Specialist gynaecology,Specialist-led,Mandatory specialist confirmation,NCSP June 2023 v1.1 + 2026 addendum/immune guidance as applicable,R6.03 / R4.04,2023 base rule,Provisional recommendation only; reviewer confirmation required; not for direct clinical action.,CRITICAL
Figure 4,F4-15,Post-colposcopy repeat,Cytology suspicious of or definite for invasive cancer at a Figure 4 follow-up event,Exact cytology; HPV; referral status,Do not default unknown to false or normal; stop and request information or require clinician review.,Urgent colposcopic/specialist assessment; do not treat as ordinary ≥ASC-H referral.,Urgent / within 2 weeks where source applies,Urgent specialist assessment,Safety escalation,Mandatory specialist confirmation,NCSP June 2023 v1.1,R4.05/R4.07 applied to repeat event,v2.1 QA correction,Provisional recommendation only; reviewer confirmation required; not for direct clinical action.,CRITICAL
Figure 4,F4-16,Post-colposcopy repeat overlay,"Any Figure 4 12- or 24-month event has invalid/unsuitable HPV, unsatisfactory cytology, or atypical/malignant endometrial cytology",Event stage; HPV validity; cytology adequacy; exact cytology; previous unsatisfactory count,Do not default unknown to false or normal; stop and request information or require clinician review.,Apply Section 3 and endometrial specialist overlays before ordinary Figure 4 branch evaluation.,,Primary/community or specialist care,Safety overlay,Mandatory clinician confirmation,NCSP June 2023 v1.1,Section 3; Figure 4,v2.1 QA correction,Provisional recommendation only; reviewer confirmation required; not for direct clinical action.,CRITICAL
Figure 5,F5-01,Decision branch,HPV detected any type + cytology >=ASC-H + normal colposcopy,HPV; cytology; TZ type; visible lesion; colposcopy,Do not issue a confident terminal outcome when any required fact is unknown; request information or require clinician review.,MDM/cytopathology review before deciding treatment,,Reviewer-confirmed pathway,Mandatory clinician/MDM review,Mandatory clinician/specialist confirmation,NCSP Clinical Practice Guidelines June 2023 v1.1,Fig. 5 p47; R6.08-R6.16,2023 base rule,Provisional recommendation only; reviewer confirmation required; not for direct clinical action.,HIGH
Figure 5,F5-02,Decision branch,MDM downgrades cytology to LSIL/ASC-US/negative,MDM outcome,Do not issue a confident terminal outcome when any required fact is unknown; request information or require clinician review.,"Follow amended low-grade pathway, generally repeat HPV in 12 months",12 months,Primary/community care or programme follow-up,Deterministic provisional,Reviewer confirmation required,NCSP Clinical Practice Guidelines June 2023 v1.1,Fig. 5; R6.10/R6.14,2023 base rule,Provisional recommendation only; reviewer confirmation required; not for direct clinical action.,MEDIUM
Figure 5,F5-03,Decision branch,MDM upgrades/confirms HSIL,MDM outcome; TZ type,Do not issue a confident terminal outcome when any required fact is unknown; request information or require clinician review.,Follow HSIL pathway; diagnostic excision/treatment recommended,,Reviewer-confirmed pathway,Specialist-led,Mandatory clinician/specialist confirmation,NCSP Clinical Practice Guidelines June 2023 v1.1,Fig. 5; R6.11-R6.13,2023 base rule,Provisional recommendation only; reviewer confirmation required; not for direct clinical action.,HIGH
Figure 5,F5-04,Decision branch,"Confirmed ASC-H, Type 1/2 TZ, no visible lesion",MDM-confirmed cytology; TZ; lesion status,Do not issue a confident terminal outcome when any required fact is unknown; request information or require clinician review.,Consider diagnostic excision; observation is an option after informed discussion,,Reviewer-confirmed pathway,Specialist/shared decision,Mandatory clinician/specialist confirmation,NCSP Clinical Practice Guidelines June 2023 v1.1,R6.08-R6.09,2023 base rule,Provisional recommendation only; reviewer confirmation required; not for direct clinical action.,MEDIUM
Figure 5,F5-05,Decision branch,Confirmed ASC-H with treatment deferred,Documented informed decision,Do not issue a confident terminal outcome when any required fact is unknown; request information or require clinician review.,"Repeat HPV, cytology and colposcopy",6 months,Colposcopy service,Specialist-led,Mandatory clinician/specialist confirmation,NCSP Clinical Practice Guidelines June 2023 v1.1,R6.09,2023 base rule,Provisional recommendation only; reviewer confirmation required; not for direct clinical action.,HIGH
Figure 5,F5-06,Follow-up,After observation: abnormal cytology and/or visible lesion; isolated HPV detection with negative cytology and normal colposcopy is excluded,6-month results; lesion status,Do not issue a confident terminal outcome when any required fact is unknown; request information or require clinician review.,Specialist reassessment; diagnostic excision or treatment should be reconsidered. Isolated HPV detection with negative cytology and normal colposcopy follows F5-07.,,Colposcopy service,Specialist-led,Mandatory clinician/specialist confirmation,NCSP Clinical Practice Guidelines June 2023 v1.1,Fig. 5,2023 base rule,Corrected to avoid treating HPV detection alone as an automatic treatment indication.,HIGH
Figure 5,F5-07,Follow-up,"After observation: HPV detected, normal colposcopy, negative cytology",6-month results,Do not issue a confident terminal outcome when any required fact is unknown; request information or require clinician review.,"Repeat colposcopy, HPV and cytology",12 months,Colposcopy service,Specialist-led,Mandatory clinician/specialist confirmation,NCSP Clinical Practice Guidelines June 2023 v1.1,Fig. 5,2023 base rule,Provisional recommendation only; reviewer confirmation required; not for direct clinical action.,HIGH
Figure 5,F5-08,Follow-up,"After observation: HPV not detected, negative cytology, no visible lesion/unchanged impression",6-month results,Do not issue a confident terminal outcome when any required fact is unknown; request information or require clinician review.,Repeat co-test in 12 months. Return to regular interval screening only after the subsequent co-test is again HPV not detected with negative cytology and the specialist surveillance sequence is complete.,12 months,Primary/community care or programme follow-up,Specialist-led,Mandatory clinician/specialist confirmation,NCSP Clinical Practice Guidelines June 2023 v1.1,Fig. 5; R6.09,2023 base rule,Keep this surveillance sequence distinct from post-treatment Figure 6 Test of Cure unless clinical governance explicitly maps them.,MEDIUM
Figure 5,F5-09,Overlay / modifier,Type 3 TZ with ASC-H/HSIL confirmed on review,TZ type; reviewed cytology,Do not issue a confident terminal outcome when any required fact is unknown; request information or require clinician review.,Diagnostic excision of TZ,,Reviewer-confirmed pathway,Specialist-led,Mandatory clinician/specialist confirmation,NCSP Clinical Practice Guidelines June 2023 v1.1,R6.15-R6.16,2023 base rule,Provisional recommendation only; reviewer confirmation required; not for direct clinical action.,HIGH
Figure 5,F5-10,Pre-excision safety,Diagnostic excision being considered after high-grade cytology and normal cervical colposcopy,Vaginal colposcopic examination; acetic acid/Lugol use; VAIN exclusion,Do not default unknown to false or normal; stop and request information or clinician review.,Complete full vaginal/lower-genital-tract colposcopic examination before proceeding.,Before excision,Colposcopy service,Clinician-only,Mandatory specialist confirmation,NCSP June 2023 v1.1 + 2026 addendum/immune guidance as applicable,R5.04; R6.08,2023 base rule,Safety step absent from simplified figure.,HIGH
Figure 5,F5-11,Shared decision,"Confirmed ASC-H, Type 1/2 TZ, no visible lesion; observation selected",Informed discussion; fertility/pregnancy concerns; specialist plan,Do not default unknown to false or normal; stop and request information or clinician review.,Observation may begin only after the informed treatment-deferral plan is documented.,Before 6-month surveillance,Specialist colposcopy,Clinician-only,Mandatory specialist confirmation,NCSP June 2023 v1.1 + 2026 addendum/immune guidance as applicable,R6.09,2023 base rule,Provisional recommendation only; reviewer confirmation required; not for direct clinical action.,HIGH
Figure 5,F5-12,Post-excision router,Diagnostic excision completed,Histology result; margins; invasion status,Do not default unknown to false or normal; stop and request information or clinician review.,Route by histology: benign/no high-grade -> MDM surveillance; LSIL -> low-grade pathway; HSIL treated -> Figure 6; AIS -> Figure 7/AIS follow-up; invasive disease -> oncology.,After histology,Specialist pathway,Clinician-only,Mandatory specialist confirmation,NCSP June 2023 v1.1 + 2026 addendum/immune guidance as applicable,R5.13; Sec. 6-9,Software-safe source synthesis,Prevents automatic excision -> Figure 6.,CRITICAL
Figure 6,F6-01,Entry,Participant is eligible for Test of Cure after treated HSIL/CIN2/3 or another guideline-defined high-grade squamous follow-up episode,ToC eligibility basis; treatment status; treatment date when applicable; treatment modality; histology/history; cervix status,Do not issue a confident terminal outcome when any required fact is unknown; request information or require clinician review.,Perform HPV and cytology co-testing according to the applicable ToC schedule.,6 months post-treatment,Primary/community care or programme follow-up,Deterministic provisional,Reviewer confirmation required,NCSP Clinical Practice Guidelines June 2023 v1.1,Fig. 6 p56; R8.06,2023 base rule,Provisional recommendation only; reviewer confirmation required; not for direct clinical action.,HIGH
Figure 6,F6-02,Decision branch,6-month co-test: HPV not detected + cytology negative,HPV; cytology; treatment date,Do not issue a confident terminal outcome when any required fact is unknown; request information or require clinician review.,Repeat co-test,12 months later / 18 months post-treatment,Primary/community care or programme follow-up,Deterministic provisional,Reviewer confirmation required,NCSP Clinical Practice Guidelines June 2023 v1.1,Fig. 6; R8.06,2023 base rule,Provisional recommendation only; reviewer confirmation required; not for direct clinical action.,MEDIUM
Figure 6,F6-03,Decision branch,Two consecutive co-tests both HPV not detected and cytology negative,Longitudinal co-test sequence,Do not issue a confident terminal outcome when any required fact is unknown; request information or require clinician review.,Test of Cure complete; return to regular interval screening,,Primary/community care or programme follow-up,Deterministic provisional,Reviewer confirmation required,NCSP Clinical Practice Guidelines June 2023 v1.1,R8.06,2023 base rule,Provisional recommendation only; reviewer confirmation required; not for direct clinical action.,HIGH
Figure 6,F6-04,Decision branch,"Any HPV detected at any Test-of-Cure event, any cytology",HPV result; ToC status,Do not issue a confident terminal outcome when any required fact is unknown; request information or require clinician review.,Refer to colposcopy,,Colposcopy service,Deterministic provisional,Reviewer confirmation required,NCSP Clinical Practice Guidelines June 2023 v1.1,Fig. 6; R8.07,2023 base rule,Provisional recommendation only; reviewer confirmation required; not for direct clinical action.,HIGH
Figure 6,F6-05,Decision branch,"ASC-H/HSIL or any glandular cytology during Test of Cure, regardless of HPV",Cytology; HPV,Do not issue a confident terminal outcome when any required fact is unknown; request information or require clinician review.,Refer to colposcopy,,Colposcopy service,Deterministic provisional,Reviewer confirmation required,NCSP Clinical Practice Guidelines June 2023 v1.1,R8.08,2023 base rule,Provisional recommendation only; reviewer confirmation required; not for direct clinical action.,HIGH
Figure 6,F6-06,Decision branch,HPV not detected + first low-grade cytology during Test of Cure,HPV; cytology; prior ToC results,Do not issue a confident terminal outcome when any required fact is unknown; request information or require clinician review.,Repeat HPV and cytology,12 months,Primary/community care or programme follow-up,Deterministic provisional,Reviewer confirmation required,NCSP Clinical Practice Guidelines June 2023 v1.1,Fig. 6; R8.07,2023 base rule,Provisional recommendation only; reviewer confirmation required; not for direct clinical action.,MEDIUM
Figure 6,F6-07,Decision branch,HPV not detected + two consecutive low-grade cytology results,Longitudinal cytology sequence,Do not issue a confident terminal outcome when any required fact is unknown; request information or require clinician review.,Refer to colposcopy,,Colposcopy service,Deterministic provisional,Reviewer confirmation required,NCSP Clinical Practice Guidelines June 2023 v1.1,R8.07,2023 base rule,Provisional recommendation only; reviewer confirmation required; not for direct clinical action.,HIGH
Figure 6,F6-08,Decision branch,"After a low-grade event, next co-test HPV not detected + cytology negative",Longitudinal sequence,Do not issue a confident terminal outcome when any required fact is unknown; request information or require clinician review.,Continue Test of Cure until the required two consecutive negative co-tests are achieved,,Primary/community care or programme follow-up,Deterministic provisional,Reviewer confirmation required,NCSP Clinical Practice Guidelines June 2023 v1.1,Fig. 6,2023 base rule,Provisional recommendation only; reviewer confirmation required; not for direct clinical action.,HIGH
Figure 6,F6-09,Overlay / modifier,Clear excision margins after HSIL treatment,Margin status,Do not issue a confident terminal outcome when any required fact is unknown; request information or require clinician review.,Test of Cure may be performed in primary/community care,6 and 18 months,Primary/community care,Deterministic provisional,Reviewer confirmation required,NCSP Clinical Practice Guidelines June 2023 v1.1,2023 R8.06,2023 base rule,Provisional recommendation only; reviewer confirmation required; not for direct clinical action.,HIGH
Figure 6,F6-10,Overlay / modifier,Positive margins after HSIL treatment and age <50,Age/DOB; margin status,Do not issue a confident terminal outcome when any required fact is unknown; request information or require clinician review.,Test of Cure follow-up can be in primary/community care,6 and 18 months,Primary/community care,Deterministic provisional,Reviewer confirmation required,NCSP guideline addendum v1.0 (2 Feb 2026) + June 2023 base,2026 addendum R8.06,2026 controlling update,Supersedes 2023 requirement for colposcopy-clinic follow-up,HIGH
Figure 6,F6-11,Overlay / modifier,Positive/incomplete margins after HSIL treatment and age >=50,Age/DOB; margin status,Do not issue a confident terminal outcome when any required fact is unknown; request information or require clinician review.,Follow-up remains in colposcopy clinic unless later guidance/local governance says otherwise,6 and 18 months,Colposcopy service,Clinician-led,Mandatory clinician/specialist confirmation,NCSP guideline addendum v1.0 (2 Feb 2026) + June 2023 base,2023 R8.06; 2026 addendum applies only under 50,2026 controlling update,Provisional recommendation only; reviewer confirmation required; not for direct clinical action.,HIGH
Figure 6,F6-12,Entry safety,Treatment date absent or treatment not confirmed,Treatment diagnosis; treatment date; margins,Do not default unknown to false or normal; stop and request information or clinician review.,Do not issue a terminal Test-of-Cure disposition; request treatment records.,Immediate,Review queue,Safety stop,Mandatory reviewer confirmation,NCSP June 2023 v1.1 + 2026 addendum/immune guidance as applicable,Fig. 6; Sec. 8,Software safety interpretation,Provisional recommendation only; reviewer confirmation required; not for direct clinical action.,CRITICAL
Figure 6,F6-13,Result quality,HPV invalid/unsuitable or cytology unsatisfactory during Test of Cure,HPV validity; cytology adequacy; genotype,Do not default unknown to false or normal; stop and request information or clinician review.,Apply Section 3 repeat/colposcopy rules; do not count the event as a qualifying negative ToC result.,ASAP or 6 weeks-3 months as applicable,ToC pathway,Deterministic provisional,Reviewer confirmation required,NCSP June 2023 v1.1 + 2026 addendum/immune guidance as applicable,Sec. 3; Fig. 6,2023 base rule,Provisional recommendation only; reviewer confirmation required; not for direct clinical action.,HIGH
Figure 6,F6-14,ToC entry,Treatment modality and margin applicability,"Treatment modality: excision, ablation, hysterectomy, or no documented treatment/historical high-grade follow-up; margin status: clear, positive, unassessable, or not applicable",Do not default unknown to false or normal; stop and request information or require clinician review.,"Use margin-dependent setting rules only when margins exist. Ablation and non-excisional pathways must use margin status “not applicable,” not an inferred clear margin.",,Primary/community or specialist care,Safety/data rule,Mandatory clinician confirmation,NCSP June 2023 v1.1 + 2026 addendum,Section 8; R8.06; R8.12; R2.07,v2.1 QA correction,Provisional recommendation only; reviewer confirmation required; not for direct clinical action.,CRITICAL
Figure 6,F6-15,ToC eligibility,Historical high-grade squamous abnormality requiring ToC even when histological confirmation or treatment documentation is incomplete,Prior high-grade result; treatment/history records; current follow-up status; specialist plan,Do not default unknown to false or normal; stop and request information or require clinician review.,Route to clinician-confirmed ToC eligibility and obtain missing records. Do not exclude the participant solely because a histology or excision-margin field is absent.,,Clinician-confirmed follow-up,Clinician-only,Mandatory clinician confirmation,NCSP June 2023 v1.1,R8.12; R2.07,v2.1 QA correction,Provisional recommendation only; reviewer confirmation required; not for direct clinical action.,HIGH
Figure 6,F6-16,ToC repeat overlay,"Any ToC event has invalid/unsuitable HPV, unsatisfactory cytology, or atypical/malignant endometrial cytology",Event stage; HPV validity; cytology adequacy; exact cytology; prior sequence,Do not default unknown to false or normal; stop and request information or require clinician review.,Apply Section 3 and specialist endometrial rules before counting or completing the ToC sequence. The event cannot count as a qualifying negative.,,Primary/community or specialist care,Safety overlay,Mandatory clinician confirmation,NCSP June 2023 v1.1,Section 3; Figure 6,v2.1 QA correction,Provisional recommendation only; reviewer confirmation required; not for direct clinical action.,CRITICAL
Figure 7,F7-01,Decision branch,AG2 atypical endometrial cells or AC2 endometrial adenocarcinoma,Exact glandular subtype; co-existing cervical abnormality,Do not issue a confident terminal outcome when any required fact is unknown; request information or require clinician review.,Refer to specialist gynaecology,Urgent if malignant,Specialist gynaecology,Specialist-led,Mandatory clinician/specialist confirmation,NCSP Clinical Practice Guidelines June 2023 v1.1,Fig. 7 p59; R9.01/R9.10,2023 base rule,Provisional recommendation only; reviewer confirmation required; not for direct clinical action.,HIGH
Figure 7,F7-02,Decision branch,"AG1, AG3-AG5, AIS, AC1, AC3 or AC4",Exact glandular subtype,Do not issue a confident terminal outcome when any required fact is unknown; request information or require clinician review.,Refer to colposcopy,,Colposcopy service,Specialist-led,Mandatory clinician/specialist confirmation,NCSP Clinical Practice Guidelines June 2023 v1.1,Fig. 7; R9.01,2023 base rule,Provisional recommendation only; reviewer confirmation required; not for direct clinical action.,HIGH
Figure 7,F7-03,Decision branch,No visible lesion at colposcopy,Colposcopy lesion status; TZ type,Do not issue a confident terminal outcome when any required fact is unknown; request information or require clinician review.,MDM case review,,Reviewer-confirmed pathway,Mandatory MDM,Mandatory clinician/specialist confirmation,NCSP Clinical Practice Guidelines June 2023 v1.1,Fig. 7; R9.02,2023 base rule,Provisional recommendation only; reviewer confirmation required; not for direct clinical action.,HIGH
Figure 7,F7-04,Decision branch,"No visible lesion; cytology confirmed, not AG2",MDM/cytology review outcome,Do not issue a confident terminal outcome when any required fact is unknown; request information or require clinician review.,"Type 3 diagnostic excision, with D&C or appropriate endometrial assessment where indicated by the confirmed glandular category and specialist plan.",,Reviewer-confirmed pathway,Specialist-led,Mandatory clinician/specialist confirmation,NCSP Clinical Practice Guidelines June 2023 v1.1,Fig. 7; R9.03/R9.08,2023 base rule,R9.03 supplements the figure terminal box.,HIGH
Figure 7,F7-05,Decision branch,No visible lesion; AG2 confirmed,MDM/cytology review outcome,Do not issue a confident terminal outcome when any required fact is unknown; request information or require clinician review.,Investigate other gynaecological malignancies,,Specialist gynaecology,Specialist-led,Mandatory clinician/specialist confirmation,NCSP Clinical Practice Guidelines June 2023 v1.1,Fig. 7; R9.03,2023 base rule,Provisional recommendation only; reviewer confirmation required; not for direct clinical action.,HIGH
Figure 7,F7-06,Decision branch,No visible lesion; cytology not confirmed,MDM outcome,Do not issue a confident terminal outcome when any required fact is unknown; request information or require clinician review.,Repeat colposcopy,6 months,Colposcopy service,Mandatory MDM,Mandatory clinician/specialist confirmation,NCSP Clinical Practice Guidelines June 2023 v1.1,Fig. 7; R9.04,2023 base rule,Provisional recommendation only; reviewer confirmation required; not for direct clinical action.,HIGH
Figure 7,F7-07,Decision branch,Visible lesion; biopsy confirms AIS,Biopsy result,Do not issue a confident terminal outcome when any required fact is unknown; request information or require clinician review.,Type 3 excision,,Reviewer-confirmed pathway,Specialist-led,Mandatory clinician/specialist confirmation,NCSP Clinical Practice Guidelines June 2023 v1.1,Fig. 7; R9.06/R9.09,2023 base rule,Provisional recommendation only; reviewer confirmation required; not for direct clinical action.,HIGH
Figure 7,F7-08,Decision branch,Visible lesion; biopsy consistent with cancer,Biopsy result,Do not issue a confident terminal outcome when any required fact is unknown; request information or require clinician review.,Refer to gynaecological oncologist,Urgent,Gynaecological oncology / MDT,Specialist-led,Mandatory clinician/specialist confirmation,NCSP Clinical Practice Guidelines June 2023 v1.1,Fig. 7; R9.07/R9.10,2023 base rule,Provisional recommendation only; reviewer confirmation required; not for direct clinical action.,CRITICAL
Figure 7,F7-09,Overlay / modifier,"HPV-detected AIS, clear excision margins",Pre-treatment HPV; histology; margins; treatment date,Do not issue a confident terminal outcome when any required fact is unknown; request information or require clinician review.,Primary/community-care co-tests at 6 and 18 months. Any HPV detected or abnormal cytology during follow-up requires colposcopic assessment.,6 and 18 months,Primary/community care,Deterministic provisional,Reviewer confirmation required,NCSP guideline addendum v1.0 (2 Feb 2026) + June 2023 base,2026 addendum R9.14,2026 controlling update,2026 R9.14 controls the care setting.,HIGH
Figure 7,F7-10,Overlay / modifier,AIS incompletely excised or margins unassessable,Margin site/status,Do not issue a confident terminal outcome when any required fact is unknown; request information or require clinician review.,Further excision to obtain adequate margins,,Reviewer-confirmed pathway,Specialist-led,Mandatory clinician/specialist confirmation,NCSP Clinical Practice Guidelines June 2023 v1.1,R9.15,2023 base rule,Provisional recommendation only; reviewer confirmation required; not for direct clinical action.,HIGH
Figure 7,F7-11,Overlay / modifier,HPV-negative or HPV-status-unknown AIS without qualifying total hysterectomy,Pre-treatment HPV status; hysterectomy/margins,Do not issue a confident terminal outcome when any required fact is unknown; request information or require clinician review.,Annual co-testing for life,Annually,Primary/community care or programme follow-up,Specialist-led,Mandatory clinician/specialist confirmation,NCSP Clinical Practice Guidelines June 2023 v1.1,R2.08/R9.17,2023 base rule,Provisional recommendation only; reviewer confirmation required; not for direct clinical action.,HIGH
Figure 7,F7-12,Specialist sidecar,No lower-genital-tract abnormality detected after glandular referral,Imaging/endometrial-assessment status,Do not default unknown to false or normal; stop and request information or clinician review.,Consider upper genital-tract imaging and endometrial assessment under specialist direction.,According to specialist plan,Specialist gynaecology,Clinician-only,Mandatory specialist confirmation,NCSP June 2023 v1.1 + 2026 addendum/immune guidance as applicable,R5.09; R9.05,2023 base rule,Provisional recommendation only; reviewer confirmation required; not for direct clinical action.,HIGH
Figure 7,F7-13,Pre-treatment check,AIS confirmed without prior HPV testing,Pre-treatment HPV status,Do not default unknown to false or normal; stop and request information or clinician review.,Obtain HPV status before treatment where applicable.,Before treatment,Specialist colposcopy,Clinician-only,Mandatory specialist confirmation,NCSP June 2023 v1.1 + 2026 addendum/immune guidance as applicable,R9.06,2023 base rule,Provisional recommendation only; reviewer confirmation required; not for direct clinical action.,HIGH
Figure 7,F7-14,Post-excision router,Type 3 excision completed for glandular abnormality,Histology; margins; HPV status; invasion,Do not default unknown to false or normal; stop and request information or clinician review.,Route by histology: benign/no lesion -> MDM surveillance; AIS -> margin/HPV follow-up; invasive adenocarcinoma -> oncology; other pathology -> corresponding specialist pathway.,After histology,Specialist pathway,Clinician-only,Mandatory specialist confirmation,NCSP June 2023 v1.1 + 2026 addendum/immune guidance as applicable,Sec. 9; Fig. 7,Software-safe source synthesis,Provisional recommendation only; reviewer confirmation required; not for direct clinical action.,CRITICAL
Figure 7,F7-15,AIS follow-up,Clear-margin HPV-detected AIS follow-up has any HPV detected or abnormal cytology,6/18-month co-test results,Do not default unknown to false or normal; stop and request information or clinician review.,Refer for colposcopic assessment; do not continue routine completion.,At abnormal follow-up,Colposcopy service,Deterministic provisional,Mandatory reviewer confirmation,NCSP June 2023 v1.1 + 2026 addendum/immune guidance as applicable,2026 R9.14 + Sec. 9,2026 controlling update,Provisional recommendation only; reviewer confirmation required; not for direct clinical action.,CRITICAL
Figure 7,F7-16,AIS follow-up completion,HPV-detected AIS with clear margins has qualifying co-tests at both 6 and 18 months: HPV not detected and cytology negative,Cervix present; margin status; pre-treatment HPV; 6-month HPV/cytology; 18-month HPV/cytology,Do not default unknown to false or normal; stop and request information or require clinician review.,"Complete AIS Test of Cure and return to the applicable regular screening interval when the cervix remains. If total hysterectomy applies, use the vault/cessation pathway instead.",After qualifying 6- and 18-month co-tests,Primary/community care,Deterministic provisional,Reviewer confirmation required,NCSP June 2023 v1.1 + 2026 addendum,R9.14; 2026 addendum,v2.1 QA correction,Provisional recommendation only; reviewer confirmation required; not for direct clinical action.,HIGH
Figure 7,F7-17,Malignant cytology entry,Cytology result of invasive adenocarcinoma or otherwise suspicious/definite invasive glandular cancer,Exact cytology subtype; co-existing cervical indication; referral status,Do not default unknown to false or normal; stop and request information or require clinician review.,"Urgent referral to a colposcopist or gynaecologist to confirm diagnosis; once confirmed, refer to gynaecological oncology. Urgency applies irrespective of HPV result.",Urgent,Urgent specialist/oncology assessment,Safety escalation,Mandatory specialist confirmation,NCSP June 2023 v1.1,R9.10,v2.1 QA correction,Provisional recommendation only; reviewer confirmation required; not for direct clinical action.,CRITICAL
Figure 7,F7-18,TZ-specific glandular management,No visible lesion after glandular referral,Transformation-zone type; cytology review; MDM outcome,Do not default unknown to false or normal; stop and request information or require clinician review.,Explicitly distinguish Type 1/2 from Type 3 TZ. Type 3 TZ requires cytology review/MDM and diagnostic excision when the glandular abnormality is confirmed; missing TZ type is a safety stop.,,Colposcopy/MDM,Clinician-only,Mandatory specialist confirmation,NCSP June 2023 v1.1,R9.02-R9.08,v2.1 QA correction,Provisional recommendation only; reviewer confirmation required; not for direct clinical action.,HIGH
Table 1,T1-01,Decision branch,Prior history: Negative/previous ASC-US/LSIL returned to regular screening; indication: Benign gynaecological disease; specimen: No cervical pathology,Prior screening history; hysterectomy indication; specimen pathology; excision completeness,Do not issue a confident terminal outcome when any required fact is unknown; request information or require clinician review.,No further screening,As specified by outcome,Primary/community care or programme follow-up,Deterministic provisional,Reviewer confirmation required,NCSP Clinical Practice Guidelines June 2023 v1.1,Table 1 p66,2023 base rule,Provisional recommendation only; reviewer confirmation required; not for direct clinical action.,MEDIUM
Table 1,T1-02,Decision branch,"Prior history: Negative/previous ASC-US/LSIL returned to regular screening; indication: Benign gynaecological disease; specimen: LSIL (CIN1), excised or not",Prior screening history; hysterectomy indication; specimen pathology; excision completeness,Do not issue a confident terminal outcome when any required fact is unknown; request information or require clinician review.,HPV test; follow Figure 3,As specified by outcome,Reviewer-confirmed pathway,Deterministic provisional,Reviewer confirmation required,NCSP Clinical Practice Guidelines June 2023 v1.1,Table 1 p66,2023 base rule,Provisional recommendation only; reviewer confirmation required; not for direct clinical action.,LOW
Table 1,T1-03,Decision branch,"Prior history: Negative/previous ASC-US/LSIL returned to regular screening; indication: Benign gynaecological disease; specimen: HSIL (CIN2/3) or AIS, completely excised",Prior screening history; hysterectomy indication; specimen pathology; excision completeness,Do not issue a confident terminal outcome when any required fact is unknown; request information or require clinician review.,Test of Cure,As specified by outcome,Reviewer-confirmed pathway,Deterministic provisional,Reviewer confirmation required,NCSP Clinical Practice Guidelines June 2023 v1.1,Table 1 p66,2023 base rule,Provisional recommendation only; reviewer confirmation required; not for direct clinical action.,HIGH
Table 1,T1-04,Decision branch,"Prior history: Negative/previous ASC-US/LSIL returned to regular screening; indication: Benign gynaecological disease; specimen: HSIL (CIN2/3) or AIS, incompletely excised",Prior screening history; hysterectomy indication; specimen pathology; excision completeness,Do not issue a confident terminal outcome when any required fact is unknown; request information or require clinician review.,Colposcopy,As specified by outcome,Colposcopy service,Deterministic provisional,Reviewer confirmation required,NCSP Clinical Practice Guidelines June 2023 v1.1,Table 1 p66,2023 base rule,Provisional recommendation only; reviewer confirmation required; not for direct clinical action.,HIGH
Table 1,T1-05,Decision branch,Prior history: Previous ASC-US/LSIL not returned to regular screening; indication: Benign gynaecological disease; specimen: No cervical pathology,Prior screening history; hysterectomy indication; specimen pathology; excision completeness,Do not issue a confident terminal outcome when any required fact is unknown; request information or require clinician review.,HPV test; follow Figure 3,As specified by outcome,Reviewer-confirmed pathway,Deterministic provisional,Reviewer confirmation required,NCSP Clinical Practice Guidelines June 2023 v1.1,Table 1 p66,2023 base rule,Provisional recommendation only; reviewer confirmation required; not for direct clinical action.,LOW
Table 1,T1-06,Decision branch,"Prior history: Previous ASC-US/LSIL not returned to regular screening; indication: Benign gynaecological disease; specimen: LSIL (CIN1), excised or not",Prior screening history; hysterectomy indication; specimen pathology; excision completeness,Do not issue a confident terminal outcome when any required fact is unknown; request information or require clinician review.,HPV test; follow Figure 3,As specified by outcome,Reviewer-confirmed pathway,Deterministic provisional,Reviewer confirmation required,NCSP Clinical Practice Guidelines June 2023 v1.1,Table 1 p66,2023 base rule,Provisional recommendation only; reviewer confirmation required; not for direct clinical action.,LOW
Table 1,T1-07,Decision branch,"Prior history: Previous ASC-US/LSIL not returned to regular screening; indication: Benign gynaecological disease; specimen: HSIL (CIN2/3) or AIS, completely excised",Prior screening history; hysterectomy indication; specimen pathology; excision completeness,Do not issue a confident terminal outcome when any required fact is unknown; request information or require clinician review.,Test of Cure,As specified by outcome,Reviewer-confirmed pathway,Deterministic provisional,Reviewer confirmation required,NCSP Clinical Practice Guidelines June 2023 v1.1,Table 1 p66,2023 base rule,Provisional recommendation only; reviewer confirmation required; not for direct clinical action.,HIGH
Table 1,T1-08,Decision branch,"Prior history: Previous ASC-US/LSIL not returned to regular screening; indication: Benign gynaecological disease; specimen: HSIL (CIN2/3) or AIS, incompletely excised",Prior screening history; hysterectomy indication; specimen pathology; excision completeness,Do not issue a confident terminal outcome when any required fact is unknown; request information or require clinician review.,Colposcopy,As specified by outcome,Colposcopy service,Deterministic provisional,Reviewer confirmation required,NCSP Clinical Practice Guidelines June 2023 v1.1,Table 1 p66,2023 base rule,Provisional recommendation only; reviewer confirmation required; not for direct clinical action.,HIGH
Table 1,T1-09,Decision branch,Prior history: Treated HSIL (CIN2/3) with completed Test of Cure; indication: Benign gynaecological disease; specimen: No cervical pathology,Prior screening history; hysterectomy indication; specimen pathology; excision completeness,Do not issue a confident terminal outcome when any required fact is unknown; request information or require clinician review.,No further screening,As specified by outcome,Primary/community care or programme follow-up,Deterministic provisional,Reviewer confirmation required,NCSP Clinical Practice Guidelines June 2023 v1.1,Table 1 p66,2023 base rule,Provisional recommendation only; reviewer confirmation required; not for direct clinical action.,MEDIUM
Table 1,T1-10,Decision branch,"Prior history: Treated HSIL (CIN2/3) with completed Test of Cure; indication: Benign gynaecological disease; specimen: LSIL (CIN1), excised or not",Prior screening history; hysterectomy indication; specimen pathology; excision completeness,Do not issue a confident terminal outcome when any required fact is unknown; request information or require clinician review.,HPV test; follow Figure 3,As specified by outcome,Reviewer-confirmed pathway,Deterministic provisional,Reviewer confirmation required,NCSP Clinical Practice Guidelines June 2023 v1.1,Table 1 p66,2023 base rule,Provisional recommendation only; reviewer confirmation required; not for direct clinical action.,LOW
Table 1,T1-11,Decision branch,"Prior history: Treated HSIL (CIN2/3) with completed Test of Cure; indication: Benign gynaecological disease; specimen: HSIL (CIN2/3) or AIS, completely excised",Prior screening history; hysterectomy indication; specimen pathology; excision completeness,Do not issue a confident terminal outcome when any required fact is unknown; request information or require clinician review.,Test of Cure,As specified by outcome,Reviewer-confirmed pathway,Deterministic provisional,Reviewer confirmation required,NCSP Clinical Practice Guidelines June 2023 v1.1,Table 1 p66,2023 base rule,Provisional recommendation only; reviewer confirmation required; not for direct clinical action.,HIGH
Table 1,T1-12,Decision branch,"Prior history: Treated HSIL (CIN2/3) with completed Test of Cure; indication: Benign gynaecological disease; specimen: HSIL (CIN2/3) or AIS, incompletely excised",Prior screening history; hysterectomy indication; specimen pathology; excision completeness,Do not issue a confident terminal outcome when any required fact is unknown; request information or require clinician review.,Colposcopy,As specified by outcome,Colposcopy service,Deterministic provisional,Reviewer confirmation required,NCSP Clinical Practice Guidelines June 2023 v1.1,Table 1 p66,2023 base rule,Provisional recommendation only; reviewer confirmation required; not for direct clinical action.,HIGH
Table 1,T1-13,Overlay / modifier,"Prior history: Abnormal screening with diagnosed HSIL/AIS before hysterectomy, untreated or incompletely treated; indication: HSIL/AIS +/- associated benign gynaecological disease; specimen: No cervical pathology or low grade",Prior screening history; hysterectomy indication; specimen pathology; excision completeness,Do not issue a confident terminal outcome when any required fact is unknown; request information or require clinician review.,Test of Cure,As specified by outcome,Reviewer-confirmed pathway,Deterministic provisional,Reviewer confirmation required,NCSP Clinical Practice Guidelines June 2023 v1.1,Table 1 p66,2023 base rule,Provisional recommendation only; reviewer confirmation required; not for direct clinical action.,HIGH
Table 1,T1-14,Decision branch,"Prior history: Same as T1-13; indication: HSIL/AIS +/- associated benign gynaecological disease; specimen: HSIL (CIN2/3) or AIS, completely excised",Prior screening history; hysterectomy indication; specimen pathology; excision completeness,Do not issue a confident terminal outcome when any required fact is unknown; request information or require clinician review.,Test of Cure,As specified by outcome,Reviewer-confirmed pathway,Deterministic provisional,Reviewer confirmation required,NCSP Clinical Practice Guidelines June 2023 v1.1,Table 1 p66,2023 base rule,Provisional recommendation only; reviewer confirmation required; not for direct clinical action.,HIGH
Table 1,T1-15,Decision branch,"Prior history: Same as T1-13; indication: HSIL/AIS +/- associated benign gynaecological disease; specimen: HSIL (CIN2/3) or AIS, incompletely excised",Prior screening history; hysterectomy indication; specimen pathology; excision completeness,Do not issue a confident terminal outcome when any required fact is unknown; request information or require clinician review.,Colposcopy,As specified by outcome,Colposcopy service,Deterministic provisional,Reviewer confirmation required,NCSP Clinical Practice Guidelines June 2023 v1.1,Table 1 p66,2023 base rule,Provisional recommendation only; reviewer confirmation required; not for direct clinical action.,HIGH
Table 1,T1-16,Decision branch,Prior history: Previous treatment for HSIL/AIS; incomplete Test of Cure; indication: Benign gynaecological disease; specimen: No cervical pathology or low grade,Prior screening history; hysterectomy indication; specimen pathology; excision completeness,Do not issue a confident terminal outcome when any required fact is unknown; request information or require clinician review.,Test of Cure,As specified by outcome,Reviewer-confirmed pathway,Deterministic provisional,Reviewer confirmation required,NCSP Clinical Practice Guidelines June 2023 v1.1,Table 1 p66,2023 base rule,Provisional recommendation only; reviewer confirmation required; not for direct clinical action.,HIGH
Table 1,T1-17,Decision branch,"Prior history: Previous treatment for HSIL/AIS; incomplete Test of Cure; indication: Benign gynaecological disease; specimen: HSIL (CIN2/3) or AIS, completely excised",Prior screening history; hysterectomy indication; specimen pathology; excision completeness,Do not issue a confident terminal outcome when any required fact is unknown; request information or require clinician review.,Test of Cure,As specified by outcome,Reviewer-confirmed pathway,Deterministic provisional,Reviewer confirmation required,NCSP Clinical Practice Guidelines June 2023 v1.1,Table 1 p66,2023 base rule,Provisional recommendation only; reviewer confirmation required; not for direct clinical action.,HIGH
Table 1,T1-18,Decision branch,"Prior history: Previous treatment for HSIL/AIS; incomplete Test of Cure; indication: Benign gynaecological disease; specimen: HSIL (CIN2/3) or AIS, incompletely excised",Prior screening history; hysterectomy indication; specimen pathology; excision completeness,Do not issue a confident terminal outcome when any required fact is unknown; request information or require clinician review.,Colposcopy,As specified by outcome,Colposcopy service,Deterministic provisional,Reviewer confirmation required,NCSP Clinical Practice Guidelines June 2023 v1.1,Table 1 p66,2023 base rule,Provisional recommendation only; reviewer confirmation required; not for direct clinical action.,HIGH
Table 1,T1-19,Decision branch,Prior history: No known screening history; indication: Benign gynaecological disease; specimen: No cervical pathology or low grade,Prior screening history; hysterectomy indication; specimen pathology; excision completeness,Do not issue a confident terminal outcome when any required fact is unknown; request information or require clinician review.,HPV test at 6 months post-hysterectomy,As specified by outcome,Reviewer-confirmed pathway,Deterministic provisional,Reviewer confirmation required,NCSP Clinical Practice Guidelines June 2023 v1.1,Table 1 p66,2023 base rule,Provisional recommendation only; reviewer confirmation required; not for direct clinical action.,LOW
Table 1,T1-20,Decision branch,"Prior history: No known screening history; indication: Benign gynaecological disease; specimen: HSIL (CIN2/3) or AIS, completely excised",Prior screening history; hysterectomy indication; specimen pathology; excision completeness,Do not issue a confident terminal outcome when any required fact is unknown; request information or require clinician review.,Test of Cure,As specified by outcome,Reviewer-confirmed pathway,Deterministic provisional,Reviewer confirmation required,NCSP Clinical Practice Guidelines June 2023 v1.1,Table 1 p66,2023 base rule,Provisional recommendation only; reviewer confirmation required; not for direct clinical action.,HIGH
Table 1,T1-21,Decision branch,"Prior history: No known screening history; indication: Benign gynaecological disease; specimen: HSIL (CIN2/3) or AIS, incompletely excised",Prior screening history; hysterectomy indication; specimen pathology; excision completeness,Do not issue a confident terminal outcome when any required fact is unknown; request information or require clinician review.,Colposcopy,As specified by outcome,Colposcopy service,Deterministic provisional,Reviewer confirmation required,NCSP Clinical Practice Guidelines June 2023 v1.1,Table 1 p66,2023 base rule,Provisional recommendation only; reviewer confirmation required; not for direct clinical action.,HIGH
Figure 8,F8-01,Overlay / modifier,Total hysterectomy; known negative/regular history or completed ToC; no cervical pathology,Total vs subtotal; indication; history; specimen pathology,Do not issue a confident terminal outcome when any required fact is unknown; request information or require clinician review.,No further screening required,,Primary/community care or programme follow-up,Deterministic provisional,Reviewer confirmation required,NCSP Clinical Practice Guidelines June 2023 v1.1,Fig. 8 p67; R10.01-R10.02,2023 base rule,Provisional recommendation only; reviewer confirmation required; not for direct clinical action.,MEDIUM
Figure 8,F8-02,Decision branch,Same history group; unexpected LSIL/CIN1 in specimen,Specimen pathology,Do not issue a confident terminal outcome when any required fact is unknown; request information or require clinician review.,Vaginal-vault HPV test; use Figure 3 result branches as applicable while preserving cervix-absent and vault-sample provenance.,6 months post-hysterectomy where specified,Reviewer-confirmed pathway,Deterministic provisional,Reviewer confirmation required,NCSP Clinical Practice Guidelines June 2023 v1.1,Fig. 8; R10.02,2023 base rule,Provisional recommendation only; reviewer confirmation required; not for direct clinical action.,LOW
Figure 8,F8-03,Decision branch,Same history group; HSIL/AIS completely excised,Specimen pathology; completeness,Do not issue a confident terminal outcome when any required fact is unknown; request information or require clinician review.,Test of Cure,Vault co-testing,Primary/community care or programme follow-up,Deterministic provisional,Reviewer confirmation required,NCSP Clinical Practice Guidelines June 2023 v1.1,Fig. 8/Table 1,2023 base rule,Provisional recommendation only; reviewer confirmation required; not for direct clinical action.,HIGH
Figure 8,F8-04,Decision branch,Same history group; HSIL/AIS incompletely excised,Specimen pathology; completeness,Do not issue a confident terminal outcome when any required fact is unknown; request information or require clinician review.,Colposcopy,,Colposcopy service,Deterministic provisional,Reviewer confirmation required,NCSP Clinical Practice Guidelines June 2023 v1.1,Fig. 8/Table 1,2023 base rule,Provisional recommendation only; reviewer confirmation required; not for direct clinical action.,HIGH
Figure 8,F8-05,Decision branch,Previous low-grade history not returned to regular screening; no pathology or LSIL,Prior history; specimen pathology,Do not issue a confident terminal outcome when any required fact is unknown; request information or require clinician review.,Vaginal-vault HPV test; use Figure 3 result branches as applicable while preserving cervix-absent and vault-sample provenance.,,Reviewer-confirmed pathway,Deterministic provisional,Reviewer confirmation required,NCSP Clinical Practice Guidelines June 2023 v1.1,Fig. 8/Table 1,2023 base rule,Provisional recommendation only; reviewer confirmation required; not for direct clinical action.,LOW
Figure 8,F8-06,Overlay / modifier,Untreated/incompletely treated HSIL/AIS before hysterectomy; no or low-grade pathology,Prior disease/treatment; specimen pathology,Do not issue a confident terminal outcome when any required fact is unknown; request information or require clinician review.,Test of Cure,Vault co-tests,Primary/community care or programme follow-up,Deterministic provisional,Reviewer confirmation required,NCSP Clinical Practice Guidelines June 2023 v1.1,Fig. 8/Table 1,2023 base rule,Provisional recommendation only; reviewer confirmation required; not for direct clinical action.,HIGH
Figure 8,F8-07,Decision branch,Previous treatment for HSIL/AIS with incomplete ToC; no or low-grade pathology,Prior treatment; ToC status; pathology,Do not issue a confident terminal outcome when any required fact is unknown; request information or require clinician review.,Test of Cure,Vault co-tests,Primary/community care or programme follow-up,Deterministic provisional,Reviewer confirmation required,NCSP Clinical Practice Guidelines June 2023 v1.1,Fig. 8/Table 1,2023 base rule,Provisional recommendation only; reviewer confirmation required; not for direct clinical action.,HIGH
Figure 8,F8-08,Decision branch,No known screening history; benign indication; no pathology or low-grade pathology,History availability; indication; pathology,Do not issue a confident terminal outcome when any required fact is unknown; request information or require clinician review.,"Vaginal-vault HPV test at 6 months. If HPV not detected, screening may cease; if HPV is detected, use the reviewer-confirmed post-hysterectomy/vault pathway and refer to colposcopy where required.",6 months post-hysterectomy in Table 1,Colposcopy service,Deterministic provisional,Reviewer confirmation required,NCSP Clinical Practice Guidelines June 2023 v1.1,Fig. 8; R10.06; Table 1,2023 base rule,Provisional recommendation only; reviewer confirmation required; not for direct clinical action.,HIGH
Figure 8,F8-09,Overlay / modifier,Subtotal hysterectomy (cervix remains),Hysterectomy type,Do not issue a confident terminal outcome when any required fact is unknown; request information or require clinician review.,Continue ordinary cervical screening pathway,,Primary/community care or programme follow-up,Deterministic provisional,Reviewer confirmation required,NCSP guideline addendum v1.0 (2 Feb 2026) + June 2023 base,2026 addendum cancer section; general guideline,2026 controlling update,Provisional recommendation only; reviewer confirmation required; not for direct clinical action.,MEDIUM
Figure 8,F8-10,Decision branch,Previous cervical/vaginal cancer,Cancer type/stage; treatment; hysterectomy type,Do not issue a confident terminal outcome when any required fact is unknown; request information or require clinician review.,Use 2026 cancer overlay; most are outside NCSP recommendations except specified stage 1a1 routes,,Reviewer-confirmed pathway,Specialist-led,Mandatory clinician/specialist confirmation,NCSP guideline addendum v1.0 (2 Feb 2026) + June 2023 base,2026 addendum p6,2026 controlling update,Provisional recommendation only; reviewer confirmation required; not for direct clinical action.,CRITICAL
Figure 8,F8-11,Vault Test of Cure,Total hysterectomy and vault ToC reaches two consecutive HPV-not-detected + negative-cytology co-tests 12 months apart,Vault site; dates; sequence count,Do not default unknown to false or normal; stop and request information or clinician review.,Complete vault Test of Cure and cease screening.,After second qualifying co-test,NCSP/vault follow-up,Deterministic provisional,Reviewer confirmation required,NCSP June 2023 v1.1 + 2026 addendum/immune guidance as applicable,R10.04-R10.05; Table 1,2023 base rule,Provisional recommendation only; reviewer confirmation required; not for direct clinical action.,HIGH
Figure 8,F8-12,Vault escalation,Any HPV detected or abnormal vaginal cytology during vault observation/ToC,Vault HPV/cytology; site provenance,Do not default unknown to false or normal; stop and request information or clinician review.,Refer to colposcopy/specialist review.,At abnormal result,Colposcopy service,Deterministic provisional,Reviewer confirmation required,NCSP June 2023 v1.1 + 2026 addendum/immune guidance as applicable,R10.04-R10.05,2023 base rule,Provisional recommendation only; reviewer confirmation required; not for direct clinical action.,CRITICAL
Figure 8,F8-13,Entry safety,"Hysterectomy type, operative report, prior history, pathology or excision completeness is unknown",Cervix status; history; pathology; margins,Do not default unknown to false or normal; stop and request information or clinician review.,Stop and obtain records; do not infer no pathology or complete excision.,Immediate,Review queue,Safety stop,Mandatory reviewer confirmation,NCSP June 2023 v1.1 + 2026 addendum/immune guidance as applicable,Sec. 10; Table 1,Software safety interpretation,Provisional recommendation only; reviewer confirmation required; not for direct clinical action.,CRITICAL
Figure 8,F8-14,Symptom override,Bleeding after total hysterectomy,Bleeding details; examination; cancer suspicion,Do not default unknown to false or normal; stop and request information or clinician review.,Use Figure 10 symptom-investigation pathway regardless of reassuring vault surveillance.,Immediate/urgent as applicable,Symptom investigation,Safety router,Mandatory clinician confirmation,NCSP June 2023 v1.1 + 2026 addendum/immune guidance as applicable,Sec. 10 + Sec. 15,Source synthesis,Provisional recommendation only; reviewer confirmation required; not for direct clinical action.,CRITICAL
Figure 9,F9-01,Decision branch,"Pregnant participant with ASC-H, HSIL, atypical glandular cells or AIS",Pregnancy; cytology; gestation; symptoms,Do not issue a confident terminal outcome when any required fact is unknown; request information or require clinician review.,Refer to colposcopy by an experienced pregnancy colposcopist,As soon as practicable,Colposcopy service,Specialist-led,Mandatory clinician/specialist confirmation,NCSP Clinical Practice Guidelines June 2023 v1.1,Fig. 9 p71; R11.03-R11.07,2023 base rule,Provisional recommendation only; reviewer confirmation required; not for direct clinical action.,HIGH
Figure 9,F9-02,Decision branch,Normal TZ/no visible lesion at colposcopy,TZ/lesion status,Do not issue a confident terminal outcome when any required fact is unknown; request information or require clinician review.,MDM case review,,Reviewer-confirmed pathway,Mandatory MDM,Mandatory clinician/specialist confirmation,NCSP Clinical Practice Guidelines June 2023 v1.1,Fig. 9,2023 base rule,Provisional recommendation only; reviewer confirmation required; not for direct clinical action.,HIGH
Figure 9,F9-03,Decision branch,MDM downgrades to negative,MDM outcome,Do not issue a confident terminal outcome when any required fact is unknown; request information or require clinician review.,Follow primary HPV screening pathway Figure 3,,Primary/community care or programme follow-up,Deterministic provisional,Reviewer confirmation required,NCSP Clinical Practice Guidelines June 2023 v1.1,Fig. 9,2023 base rule,Provisional recommendation only; reviewer confirmation required; not for direct clinical action.,MEDIUM
Figure 9,F9-04,Decision branch,MDM downgrades to LSIL/ASC-US,MDM outcome,Do not issue a confident terminal outcome when any required fact is unknown; request information or require clinician review.,Follow the applicable low-grade pathway after reviewer confirmation; do not automatically force every case into Figure 4.,,Reviewer-confirmed pathway,Deterministic provisional,Reviewer confirmation required,NCSP Clinical Practice Guidelines June 2023 v1.1,Fig. 9,2023 base rule,Provisional recommendation only; reviewer confirmation required; not for direct clinical action.,LOW
Figure 9,F9-05,Decision branch,"MDM confirms possible/definite high-grade in situ result, without invasion",MDM outcome,Do not issue a confident terminal outcome when any required fact is unknown; request information or require clinician review.,Colposcopy review in 6 months or 6-12 weeks postpartum,At least 6 weeks postpartum where postpartum review is used,Colposcopy service,Specialist-led,Mandatory clinician/specialist confirmation,NCSP Clinical Practice Guidelines June 2023 v1.1,Fig. 9; R11.09-R11.10,2023 base rule,Provisional recommendation only; reviewer confirmation required; not for direct clinical action.,HIGH
Figure 9,F9-06,Decision branch,"Abnormal TZ/visible lesion; impression LSIL, HSIL (CIN2/3) or AIS, no invasion",Colposcopic impression,Do not issue a confident terminal outcome when any required fact is unknown; request information or require clinician review.,Conservative surveillance; review in 6 months or 6-12 weeks postpartum,,Reviewer-confirmed pathway,Specialist-led,Mandatory clinician/specialist confirmation,NCSP Clinical Practice Guidelines June 2023 v1.1,Fig. 9; R11.09,2023 base rule,Provisional recommendation only; reviewer confirmation required; not for direct clinical action.,HIGH
Figure 9,F9-07,Decision branch,Invasion suspected on cytology or colposcopy,Invasion suspicion; biopsy indication,Do not issue a confident terminal outcome when any required fact is unknown; request information or require clinician review.,"Biopsy; if positive, urgent gynaecological oncology referral; if negative, MDM review",Oncology review within 2 weeks when invasive disease indicated,Gynaecological oncology / MDT,Specialist-led,Mandatory clinician/specialist confirmation,NCSP Clinical Practice Guidelines June 2023 v1.1,Fig. 9; R11.05/R11.08,2023 base rule,Provisional recommendation only; reviewer confirmation required; not for direct clinical action.,CRITICAL
Figure 9,F9-08,Decision branch,HPV 16/18 in pregnancy regardless of cytology,HPV genotype; pregnancy,Do not issue a confident terminal outcome when any required fact is unknown; request information or require clinician review.,Colposcopy as soon as practicable; do not defer to postpartum,,Colposcopy service,Specialist-led,Mandatory clinician/specialist confirmation,NCSP Clinical Practice Guidelines June 2023 v1.1,R11.04,2023 base rule,Provisional recommendation only; reviewer confirmation required; not for direct clinical action.,HIGH
Figure 9,F9-09,Decision branch,HPV Other + negative/ASC-US/LSIL in pregnancy,HPV/cytology; pregnancy,Do not issue a confident terminal outcome when any required fact is unknown; request information or require clinician review.,Repeat HPV test,12 months,Primary/community care or programme follow-up,Deterministic provisional,Reviewer confirmation required,NCSP Clinical Practice Guidelines June 2023 v1.1,R11.02,2023 base rule,Provisional recommendation only; reviewer confirmation required; not for direct clinical action.,MEDIUM
Figure 9,F9-10,Decision branch,High-grade lesion without invasion in pregnancy,Colposcopy/biopsy; invasion excluded,Do not issue a confident terminal outcome when any required fact is unknown; request information or require clinician review.,Defer definitive treatment until after pregnancy,Postpartum management,Reviewer-confirmed pathway,Specialist-led,Mandatory clinician/specialist confirmation,NCSP Clinical Practice Guidelines June 2023 v1.1,R11.09,2023 base rule,Provisional recommendation only; reviewer confirmation required; not for direct clinical action.,HIGH
Figure 9,F9-11,Postpartum timing,Postpartum reassessment required,Delivery date; planned tests; pregnancy status,Do not default unknown to false or normal; stop and request information or clinician review.,Perform postpartum assessment no earlier than 6 weeks after delivery; figure indicates 6-12 weeks postpartum.,6-12 weeks postpartum,Experienced colposcopy,Clinician-led,Mandatory specialist confirmation,NCSP June 2023 v1.1 + 2026 addendum/immune guidance as applicable,R11.10; Fig. 9,2023 base rule,Provisional recommendation only; reviewer confirmation required; not for direct clinical action.,HIGH
Figure 9,F9-12,Entry safety,"Pregnancy, cytology, lesion/TZ, invasion, biopsy or MDM state is unknown",All pregnancy pathway facts,Do not default unknown to false or normal; stop and request information or clinician review.,Return mandatory specialist review; no autonomous routine outcome.,Immediate,Specialist review,Safety stop,Mandatory specialist confirmation,NCSP June 2023 v1.1 + 2026 addendum/immune guidance as applicable,Sec. 11; Fig. 9,Software safety interpretation,Provisional recommendation only; reviewer confirmation required; not for direct clinical action.,CRITICAL
Figure 9,F9-13,Pregnancy safety gate,Before pregnancy-pathway timing or postpartum recommendation,Pregnancy status; gestational age; estimated delivery date; delivery date when postpartum; exact cytology; TZ/lesion; invasion status; MDM/biopsy status,Do not default unknown to false or normal; stop and request information or require clinician review.,Missing required pregnancy facts must return mandatory specialist review. Postpartum timing must be calculated from the documented delivery date and must not be earlier than six weeks.,,Experienced colposcopy,Safety stop,Mandatory specialist confirmation,NCSP June 2023 v1.1,Section 11; Figure 9,v2.1 QA correction,Provisional recommendation only; reviewer confirmation required; not for direct clinical action.,CRITICAL
Figure 9,F9-14,Pregnancy malignant entry,Pregnant participant with cytology suspicious of or definite for invasive cancer,Pregnancy status; exact cytology; invasion suspicion; referral status,Do not default unknown to false or normal; stop and request information or require clinician review.,Urgent experienced colposcopy and oncology/MDT assessment as appropriate; do not defer to routine postpartum review.,Urgent / within 2 weeks when invasion confirmed or strongly suspected,Urgent specialist/oncology assessment,Safety escalation,Mandatory specialist confirmation,NCSP June 2023 v1.1,R11.07-R11.09; Figure 9,v2.1 QA correction,Provisional recommendation only; reviewer confirmation required; not for direct clinical action.,CRITICAL
Figure 10,F10-01,Decision branch,Any age with signs/symptoms suggestive of cervical cancer,Symptoms; examination; recent screening history,Do not issue a confident terminal outcome when any required fact is unknown; request information or require clinician review.,"Clinical examination and co-test, plus urgent referral for investigation; do not delay referral for co-test or blood",Urgent,Primary/community care or programme follow-up,Safety override,Reviewer confirmation required,NCSP Clinical Practice Guidelines June 2023 v1.1,R15.01,2023 base rule,Provisional recommendation only; reviewer confirmation required; not for direct clinical action.,CRITICAL
Figure 10,F10-02,Decision branch,Abnormal vaginal bleeding,Bleeding type; menstrual/contraceptive/sexual history; speculum/pelvic exam; co-test,Do not issue a confident terminal outcome when any required fact is unknown; request information or require clinician review.,"Perform structured history, speculum and pelvic examination, and co-test as indicated",,Primary/community care or programme follow-up,Clinician assessment required,Mandatory clinician/specialist confirmation,NCSP Clinical Practice Guidelines June 2023 v1.1,Fig. 10 p83; Sec. 15,2023 base rule,Provisional recommendation only; reviewer confirmation required; not for direct clinical action.,MEDIUM
Figure 10,F10-03,Decision branch,Abnormal cervix + suspicion of cancer,Exam findings; cancer suspicion,Do not issue a confident terminal outcome when any required fact is unknown; request information or require clinician review.,Co-test and colposcopy/urgent specialist investigation,Urgent,Colposcopy service,Specialist-led,Mandatory clinician/specialist confirmation,NCSP Clinical Practice Guidelines June 2023 v1.1,Fig. 10; R15.01/R15.04,2023 base rule,Provisional recommendation only; reviewer confirmation required; not for direct clinical action.,CRITICAL
Figure 10,F10-04,Decision branch,Abnormal cervix without suspicion of cancer,Exam findings,Do not issue a confident terminal outcome when any required fact is unknown; request information or require clinician review.,Treat/investigate according to local Healthcare Pathway or refer to gynaecology,,Specialist gynaecology,Local pathway/clinician-only,Mandatory clinician/specialist confirmation,NCSP Clinical Practice Guidelines June 2023 v1.1,Fig. 10,2023 base rule,Provisional recommendation only; reviewer confirmation required; not for direct clinical action.,MEDIUM
Figure 10,F10-05,Decision branch,Normal cervix + suspected oral-contraceptive problem,Contraceptive history; exam,Do not issue a confident terminal outcome when any required fact is unknown; request information or require clinician review.,Adjust oral contraceptive and reassess bleeding,6-8 weeks,Reviewer-confirmed pathway,Clinician-led,Mandatory clinician/specialist confirmation,NCSP Clinical Practice Guidelines June 2023 v1.1,Fig. 10,2023 base rule,Provisional recommendation only; reviewer confirmation required; not for direct clinical action.,MEDIUM
Figure 10,F10-06,Entry,"After treatment/adjustment, bleeding resolved in 6-8 weeks",Follow-up symptom status,Do not issue a confident terminal outcome when any required fact is unknown; request information or require clinician review.,"Resume screening according to the participant’s current due date, or commence screening at age 25; do not automatically trigger an immediate Figure 3 test.",,Primary/community care or programme follow-up,Deterministic provisional,Reviewer confirmation required,NCSP Clinical Practice Guidelines June 2023 v1.1,Fig. 10,2023 base rule,Provisional recommendation only; reviewer confirmation required; not for direct clinical action.,MEDIUM
Figure 10,F10-07,Entry,"After treatment/adjustment, bleeding not resolved in 6-8 weeks",Follow-up symptom status,Do not issue a confident terminal outcome when any required fact is unknown; request information or require clinician review.,Refer to gynaecology,,Specialist gynaecology,Specialist referral,Reviewer confirmation required,NCSP Clinical Practice Guidelines June 2023 v1.1,Fig. 10,2023 base rule,Provisional recommendation only; reviewer confirmation required; not for direct clinical action.,MEDIUM
Figure 10,F10-08,Decision branch,"Normal cervix, no contraceptive cause; STI identified",Sexual history; STI tests,Do not issue a confident terminal outcome when any required fact is unknown; request information or require clinician review.,"Treat STI, then reassess; persistent bleeding requires further investigation/referral",,Reviewer-confirmed pathway,Clinician-led,Mandatory clinician/specialist confirmation,NCSP Clinical Practice Guidelines June 2023 v1.1,Fig. 10; R15.03,2023 base rule,Provisional recommendation only; reviewer confirmation required; not for direct clinical action.,MEDIUM
Figure 10,F10-09,Decision branch,"Normal cervix, no contraceptive cause; STI not identified",Investigations,Do not issue a confident terminal outcome when any required fact is unknown; request information or require clinician review.,Manage according to local Healthcare Pathway or refer to gynaecology,,Specialist gynaecology,Local pathway/clinician-only,Mandatory clinician/specialist confirmation,NCSP Clinical Practice Guidelines June 2023 v1.1,Fig. 10,2023 base rule,Provisional recommendation only; reviewer confirmation required; not for direct clinical action.,MEDIUM
Figure 10,F10-10,Decision branch,"Single episode postcoital bleeding, premenopausal, normal cervix, HPV not detected and negative cytology",Menopausal status; episode count; exam; co-test,Do not issue a confident terminal outcome when any required fact is unknown; request information or require clinician review.,No colposcopy referral required,,Colposcopy service,Deterministic provisional,Reviewer confirmation required,NCSP Clinical Practice Guidelines June 2023 v1.1,R15.02,2023 base rule,Provisional recommendation only; reviewer confirmation required; not for direct clinical action.,HIGH
Figure 10,F10-11,Decision branch,Recurrent/persistent postcoital bleeding despite negative co-test,Bleeding persistence; co-test,Do not issue a confident terminal outcome when any required fact is unknown; request information or require clinician review.,Refer to gynaecology; assessment may include colposcopy,,Specialist gynaecology,Deterministic provisional,Reviewer confirmation required,NCSP Clinical Practice Guidelines June 2023 v1.1,R15.02,2023 base rule,Provisional recommendation only; reviewer confirmation required; not for direct clinical action.,HIGH
Figure 10,F10-12,Decision branch,Persistent/unexplained intermenstrual bleeding,Bleeding persistence; investigations,Do not issue a confident terminal outcome when any required fact is unknown; request information or require clinician review.,Refer for specialist gynaecological assessment regardless of test results,,Specialist gynaecology,Deterministic provisional,Reviewer confirmation required,NCSP Clinical Practice Guidelines June 2023 v1.1,R15.05,2023 base rule,Provisional recommendation only; reviewer confirmation required; not for direct clinical action.,HIGH
Figure 10,F10-13,Decision branch,"Any postmenopausal bleeding, including postcoital",Menopausal status; bleeding,Do not issue a confident terminal outcome when any required fact is unknown; request information or require clinician review.,"Examine, co-test and refer for specialist gynaecological assessment; do not delay referral for co-test",Urgent/without delay,Specialist gynaecology,Deterministic provisional,Reviewer confirmation required,NCSP Clinical Practice Guidelines June 2023 v1.1,R15.06,2023 base rule,Provisional recommendation only; reviewer confirmation required; not for direct clinical action.,HIGH
Figure 10,F10-14,Pregnancy safety,Pregnant participant with abnormal bleeding,Pregnancy; bleeding; obstetric risk; cervix/cancer concern,Do not default unknown to false or normal; stop and request information or clinician review.,Route to clinician/obstetric assessment as appropriate while retaining Figure 10 cancer-suspicion escalation.,Immediate,Obstetric/gynaecological assessment,Clinician-only,Mandatory clinician confirmation,NCSP June 2023 v1.1 + 2026 addendum/immune guidance as applicable,Sec. 11 + Sec. 15,Source synthesis,Provisional recommendation only; reviewer confirmation required; not for direct clinical action.,CRITICAL
Figure 10,F10-15,Hysterectomy safety,Post-hysterectomy participant with abnormal bleeding,Hysterectomy; vault/cancer history; bleeding,Do not default unknown to false or normal; stop and request information or clinician review.,Remain in symptom investigation; do not close based on negative vault screening.,Immediate,Gynaecological assessment,Safety router,Mandatory clinician confirmation,NCSP June 2023 v1.1 + 2026 addendum/immune guidance as applicable,Sec. 10 + Sec. 15,Source synthesis,Provisional recommendation only; reviewer confirmation required; not for direct clinical action.,CRITICAL
Special populations,DES-01,DES exposure,Known in-utero DES exposure,DES exposure status; cervix/vagina status; prior colposcopy,Do not default unknown to false or normal; stop and request information or require clinician review.,Refer for initial colposcopy and specialist assessment.,Initial assessment,Colposcopy,Clinician-only,Mandatory specialist confirmation,NCSP June 2023 v1.1,Section 14,v2.1 QA correction,Provisional recommendation only; reviewer confirmation required; not for direct clinical action.,HIGH
Special populations,DES-02,DES exposure,DES exposure with vaginal adenosis present,Colposcopy finding; adenosis status,Do not default unknown to false or normal; stop and request information or require clinician review.,Annual colposcopy under specialist direction.,Annual,Colposcopy,Clinician-only,Mandatory specialist confirmation,NCSP June 2023 v1.1,Section 14,v2.1 QA correction,Provisional recommendation only; reviewer confirmation required; not for direct clinical action.,HIGH
Special populations,DES-03,DES exposure,DES exposure with vaginal adenosis absent after specialist assessment,Colposcopy finding; adenosis status,Do not default unknown to false or normal; stop and request information or require clinician review.,"Return to the applicable regular screening interval, with specialist confirmation.",Regular interval,Primary/community care,Clinician-led,Mandatory specialist confirmation,NCSP June 2023 v1.1,Section 14,v2.1 QA correction,Provisional recommendation only; reviewer confirmation required; not for direct clinical action.,MEDIUM
Special populations,DES-04,DES exposure,Any screen-detected abnormality in a DES-exposed participant,HPV/cytology; colposcopy; lesion status,Do not default unknown to false or normal; stop and request information or require clinician review.,Management must be directed by a colposcopist; do not use an autonomous routine pathway.,,Colposcopy,Clinician-only,Mandatory specialist confirmation,NCSP June 2023 v1.1,Section 14,v2.1 QA correction,Provisional recommendation only; reviewer confirmation required; not for direct clinical action.,CRITICAL
Special populations,U25-01,Screening age,Asymptomatic participant aged under 25 who is not already in an indicated follow-up pathway,Date of birth; symptoms; prior screening/follow-up state,Do not default unknown to false or normal; stop and request information or require clinician review.,Routine HPV screening is not recommended. Symptoms and established follow-up pathways override this age gate.,No routine screen,Primary/community care,Deterministic provisional,Reviewer confirmation required,NCSP June 2023 v1.1,Screening age and interval; Section 12,v2.1 QA correction,Provisional recommendation only; reviewer confirmation required; not for direct clinical action.,HIGH
Special populations,U25-02,Screening age,Participant under 25 already in screening or follow-up,Date of birth; prior result; next indicated appointment,Do not default unknown to false or normal; stop and request information or require clinician review.,Recall at the next clinically indicated appointment rather than applying a new routine-screening interval.,As clinically indicated,Primary/community or specialist care,Clinician-led,Mandatory clinician confirmation,NCSP June 2023 v1.1,Screening age and interval,v2.1 QA correction,Provisional recommendation only; reviewer confirmation required; not for direct clinical action.,HIGH
Special populations,U25-03,Early sexual activity / abuse,"Participant under 25 with early sexual activity, sexual abuse history, symptoms, or another clinical concern",Age; symptoms; relevant clinical history; safeguarding context,Do not default unknown to false or normal; stop and request information or require clinician review.,"Do not automatically initiate routine screening. Require clinician review and apply symptom, safeguarding, or specialist pathways as appropriate.",,Clinician/safeguarding pathway,Clinician-only,Mandatory clinician confirmation,NCSP June 2023 v1.1,Section 12,v2.1 QA correction,Provisional recommendation only; reviewer confirmation required; not for direct clinical action.,CRITICAL
2026 overlays,A26-01,Overlay / modifier,Type 3 TZ + HPV positive + low-grade cytology + normal colposcopy,TZ; HPV; cytology; colposcopy,Do not issue a confident terminal outcome when any required fact is unknown; request information or require clinician review.,MDM cytology review not required before observation,,Reviewer-confirmed pathway,Deterministic provisional,Mandatory clinician/specialist confirmation,NCSP guideline addendum v1.0 (2 Feb 2026) + June 2023 base,2026 addendum R6.05,2026 controlling update,Provisional recommendation only; reviewer confirmation required; not for direct clinical action.,MEDIUM
2026 overlays,A26-02,Decision branch,"CIN2 on biopsy, age <30, Type 1/2 TZ, no CIN3/invasion",Age; biopsy; TZ; exclusion of CIN3/invasion; participant preference,Do not issue a confident terminal outcome when any required fact is unknown; request information or require clinician review.,"MDM review. If CIN2 confirmed and participant agrees, active surveillance with colposcopy/cytology every 6 months up to 24 months","6, 12, 18, 24 months",Colposcopy service,Specialist/shared decision,Mandatory clinician/specialist confirmation,NCSP guideline addendum v1.0 (2 Feb 2026) + June 2023 base,2026 addendum R8.03,2026 controlling update,Provisional recommendation only; reviewer confirmation required; not for direct clinical action.,HIGH
2026 overlays,A26-03,Decision branch,Active surveillance: biopsy downgraded to LSIL,MDM biopsy review,Do not issue a confident terminal outcome when any required fact is unknown; request information or require clinician review.,Discharge from colposcopy with HPV +/- cytology in 12 months,12 months,Colposcopy service,Deterministic provisional,Reviewer confirmation required,NCSP guideline addendum v1.0 (2 Feb 2026) + June 2023 base,2026 addendum Fig. 1,2026 controlling update,Provisional recommendation only; reviewer confirmation required; not for direct clinical action.,HIGH
2026 overlays,A26-04,Decision branch,Active surveillance: CIN2 regresses,Follow-up colposcopy/cytology/histology,Do not issue a confident terminal outcome when any required fact is unknown; request information or require clinician review.,Discharge from colposcopy with Test of Cure at 12 months,12 months,Colposcopy service,Deterministic provisional,Reviewer confirmation required,NCSP guideline addendum v1.0 (2 Feb 2026) + June 2023 base,2026 addendum Fig. 1,2026 controlling update,Provisional recommendation only; reviewer confirmation required; not for direct clinical action.,HIGH
2026 overlays,A26-05,Follow-up,Active surveillance: CIN3 diagnosed at any follow-up or CIN2 persists at 24 months,Biopsy/follow-up duration,Do not issue a confident terminal outcome when any required fact is unknown; request information or require clinician review.,Treatment recommended,Immediate after diagnosis / at 24 months,Reviewer-confirmed pathway,Specialist-led,Mandatory clinician/specialist confirmation,NCSP guideline addendum v1.0 (2 Feb 2026) + June 2023 base,2026 addendum R8.03/Fig. 1,2026 controlling update,Provisional recommendation only; reviewer confirmation required; not for direct clinical action.,HIGH
2026 overlays,A26-06,Overlay / modifier,"Positive HSIL excision margins, age <50",Age; margins,Do not issue a confident terminal outcome when any required fact is unknown; request information or require clinician review.,Test of Cure can be in primary/community care,6 and 18 months,Primary/community care,Deterministic provisional,Reviewer confirmation required,NCSP guideline addendum v1.0 (2 Feb 2026) + June 2023 base,2026 addendum R8.06,2026 controlling update,Provisional recommendation only; reviewer confirmation required; not for direct clinical action.,HIGH
2026 overlays,A26-07,Overlay / modifier,HPV-detected AIS with clear excision margins,HPV; AIS; margins,Do not issue a confident terminal outcome when any required fact is unknown; request information or require clinician review.,Primary/community co-tests at 6 and 18 months,6 and 18 months,Primary/community care,Deterministic provisional,Reviewer confirmation required,NCSP guideline addendum v1.0 (2 Feb 2026) + June 2023 base,2026 addendum R9.14,2026 controlling update,Provisional recommendation only; reviewer confirmation required; not for direct clinical action.,LOW
2026 overlays,A26-08,Decision branch,Stage 1a1 cervical cancer treated by local excision,Cancer stage/type; treatment; ToC status,Do not issue a confident terminal outcome when any required fact is unknown; request information or require clinician review.,"Return to regular screening only after successful treatment and ToC; HPV detected or abnormal cytology during ToC -> colposcopy; after completed ToC, HPV detected -> Figure 3",,Colposcopy service,Specialist-led,Mandatory clinician/specialist confirmation,NCSP guideline addendum v1.0 (2 Feb 2026) + June 2023 base,2026 addendum p6,2026 controlling update,Provisional recommendation only; reviewer confirmation required; not for direct clinical action.,HIGH
2026 overlays,A26-09,Overlay / modifier,Stage 1a1 cervical cancer treated by total hysterectomy,Cancer stage/type; hysterectomy; ToC,Do not issue a confident terminal outcome when any required fact is unknown; request information or require clinician review.,Cease screening after completing Test of Cure,,Primary/community care or programme follow-up,Specialist-led,Mandatory clinician/specialist confirmation,NCSP guideline addendum v1.0 (2 Feb 2026) + June 2023 base,2026 addendum p6,2026 controlling update,Provisional recommendation only; reviewer confirmation required; not for direct clinical action.,HIGH
2026 overlays,A26-10,Decision branch,Other previous cervical/vaginal cancer,Cancer history,Do not issue a confident terminal outcome when any required fact is unknown; request information or require clinician review.,Outside NCSP screening recommendations; clinician and participant determine testing/management,,Primary/community care or programme follow-up,Clinician-only,Mandatory clinician/specialist confirmation,NCSP guideline addendum v1.0 (2 Feb 2026) + June 2023 base,2026 addendum p6,2026 controlling update,Provisional recommendation only; reviewer confirmation required; not for direct clinical action.,MEDIUM
2026 overlays,A26-11,Overlay / modifier,HSIL without ToC before hysterectomy for non-cervical gynaecological cancer,Prior HSIL; hysterectomy indication; ToC status,Do not issue a confident terminal outcome when any required fact is unknown; request information or require clinician review.,Undertake ToC; cease after two HPV-not-detected/negative-cytology co-tests 12 months apart,12 months apart,Primary/community care or programme follow-up,Deterministic provisional,Reviewer confirmation required,NCSP guideline addendum v1.0 (2 Feb 2026) + June 2023 base,2026 addendum p6,2026 controlling update,Provisional recommendation only; reviewer confirmation required; not for direct clinical action.,LOW
2026 overlays,A26-12,Overlay / modifier,Gynaecological cancer + subtotal hysterectomy,Hysterectomy type,Do not issue a confident terminal outcome when any required fact is unknown; request information or require clinician review.,Continue cervical screening and register notifications,,Primary/community care or programme follow-up,Deterministic provisional,Reviewer confirmation required,NCSP guideline addendum v1.0 (2 Feb 2026) + June 2023 base,2026 addendum p6,2026 controlling update,Provisional recommendation only; reviewer confirmation required; not for direct clinical action.,MEDIUM
2026 overlays,A26-13,CIN2 active surveillance,CIN2 remains under surveillance before 24 months,Follow-up histology/cytology/colposcopy; surveillance duration; MDM review date,Do not default unknown to false or normal; stop and request information or require clinician review.,Complete a follow-up MDM review before the 24-month endpoint and document the revised plan.,Before 24 months,Colposcopy/MDM,Clinician-only,Mandatory MDM confirmation,NCSP guideline addendum v1.0 (2 Feb 2026),2026 addendum CIN2 surveillance figure,v2.1 QA correction,Provisional recommendation only; reviewer confirmation required; not for direct clinical action.,HIGH
2026 overlays,A26-14,CIN2 active surveillance,Participant requests treatment at any surveillance event while CIN2 remains,Participant preference; current CIN2 status; fertility/pregnancy considerations; clinician plan,Do not default unknown to false or normal; stop and request information or require clinician review.,Offer clinician-led treatment planning without requiring surveillance to continue to 24 months.,At any surveillance event,Colposcopy,Shared decision / clinician-only,Mandatory clinician confirmation,NCSP guideline addendum v1.0 (2 Feb 2026),2026 addendum CIN2 surveillance figure,v2.1 QA correction,Provisional recommendation only; reviewer confirmation required; not for direct clinical action.,HIGH
Immune-deficiency classifier,IMM-01,Operational provenance,Immune-deficiency status is assigned or changed,Classifier; date; source condition/medication; threshold/duration; rationale for “highly considered”; specialist input; laboratory-request flag,Do not default unknown to false or normal; stop and request information or require clinician review.,Store the provenance and record whether immune-deficient status was indicated on the laboratory request. Unknown or unlisted combinations require clinician review.,,Primary/community or specialist care,Workflow/audit rule,Mandatory clinician confirmation,"NCSP immune-deficiency guidance v1.0.1, 12 Mar 2026","Page 3, item 5; pages 1-3 classifier",v2.1 QA correction,Provisional recommendation only; reviewer confirmation required; not for direct clinical action.,HIGH
